﻿;;
Point de mesure;CH1100801234500000000000000297911;CH1100801234500000000000000297911
Temps;Consommation [kWh];Réinjection [kWh]
31.03.2026 00:00;0.01;0
31.03.2026 00:15;0.01;0
31.03.2026 00:30;0.01;0
31.03.2026 00:45;0.01;0
31.03.2026 01:00;0.01;0
31.03.2026 01:15;0.01;0
31.03.2026 01:30;0.01;0
31.03.2026 01:45;0.01;0
31.03.2026 02:00;0;0
31.03.2026 02:15;0;0
31.03.2026 02:30;0;0
31.03.2026 02:45;0;0
31.03.2026 03:00;0;0
31.03.2026 03:15;0.01;0
31.03.2026 03:30;0.22;0
31.03.2026 03:45;0.27;0
31.03.2026 04:00;0.28;0
31.03.2026 04:15;0.26;0
31.03.2026 04:30;0.24;0
31.03.2026 04:45;0.18;0
31.03.2026 05:00;0.15;0
31.03.2026 05:15;0.17;0
31.03.2026 05:30;0.2;0
31.03.2026 05:45;0.19;0
31.03.2026 06:00;0.18;0
31.03.2026 06:15;0.18;0
31.03.2026 06:30;0.26;0
31.03.2026 06:45;0.31;0
31.03.2026 07:00;0.42;0
31.03.2026 07:15;0.33;0
31.03.2026 07:30;0.32;0
31.03.2026 07:45;0.22;0
31.03.2026 08:00;0.22;0
31.03.2026 08:15;0.43;0
31.03.2026 08:30;0.47;0
31.03.2026 08:45;0.79;0
31.03.2026 09:00;1;0
31.03.2026 09:15;0.69;0
31.03.2026 09:30;0.66;0
31.03.2026 09:45;0.27;0
31.03.2026 10:00;0.36;0
31.03.2026 10:15;0.26;0
31.03.2026 10:30;0.01;0
31.03.2026 10:45;0;-0.2
31.03.2026 11:00;0;-0.46
31.03.2026 11:15;0;-0.55
31.03.2026 11:30;0;-0.49
31.03.2026 11:45;0;-0.45
31.03.2026 12:00;0;-0.35
31.03.2026 12:15;0;-0.46
31.03.2026 12:30;0;-0.36
31.03.2026 12:45;0;-0.63
31.03.2026 13:00;0;-0.78
31.03.2026 13:15;0;-0.84
31.03.2026 13:30;0;-1.03
31.03.2026 13:45;0;-1.27
31.03.2026 14:00;0;-1.43
31.03.2026 14:15;0;-1.49
31.03.2026 14:30;0;-1.61
31.03.2026 14:45;0;-1.6
31.03.2026 15:00;0;-1.44
31.03.2026 15:15;0;-1.63
31.03.2026 15:30;0;-1.57
31.03.2026 15:45;0;-0.97
31.03.2026 16:00;0;-1.24
31.03.2026 16:15;0;-0.61
31.03.2026 16:30;0;-0.31
31.03.2026 16:45;0.01;-0.1
31.03.2026 17:00;0.01;-0.03
31.03.2026 17:15;0.01;-0.05
31.03.2026 17:30;0;-0.32
31.03.2026 17:45;0;-0.22
31.03.2026 18:00;0;-0.28
31.03.2026 18:15;0;-0.18
31.03.2026 18:30;0;-0.06
31.03.2026 18:45;0.01;0
31.03.2026 19:00;0.01;0
31.03.2026 19:15;0.01;0
31.03.2026 19:30;0.01;0
31.03.2026 19:45;0.01;0
31.03.2026 20:00;0;0
31.03.2026 20:15;0.01;0
31.03.2026 20:30;0;0
31.03.2026 20:45;0;0
31.03.2026 21:00;0.01;0
31.03.2026 21:15;0.01;0
31.03.2026 21:30;0;0
31.03.2026 21:45;0;0
31.03.2026 22:00;0;0
31.03.2026 22:15;0;0
31.03.2026 22:30;0;0
31.03.2026 22:45;0;0
31.03.2026 23:00;0;0
31.03.2026 23:15;0;0
31.03.2026 23:30;0;0
31.03.2026 23:45;0.01;0
01.04.2026 00:00;0.01;0
01.04.2026 00:15;0.01;0
01.04.2026 00:30;0.01;0
01.04.2026 00:45;0.01;0
01.04.2026 01:00;0.01;0
01.04.2026 01:15;0.01;0
01.04.2026 01:30;0.01;0
01.04.2026 01:45;0.01;0
01.04.2026 02:00;0.01;0
01.04.2026 02:15;0.01;0
01.04.2026 02:30;0.01;0
01.04.2026 02:45;0.01;0
01.04.2026 03:00;0.04;0
01.04.2026 03:15;0.24;0
01.04.2026 03:30;0.24;0
01.04.2026 03:45;0.26;0
01.04.2026 04:00;0.27;0
01.04.2026 04:15;0.24;0
01.04.2026 04:30;0.26;0
01.04.2026 04:45;0.29;0
01.04.2026 05:00;0.29;0
01.04.2026 05:15;0.27;0
01.04.2026 05:30;0.26;0
01.04.2026 05:45;0.28;0
01.04.2026 06:00;0.28;0
01.04.2026 06:15;0.26;0
01.04.2026 06:30;0.3;0
01.04.2026 06:45;0.3;0
01.04.2026 07:00;0.27;0
01.04.2026 07:15;0.26;0
01.04.2026 07:30;0.27;0
01.04.2026 07:45;0.28;0
01.04.2026 08:00;0.42;0
01.04.2026 08:15;0.58;0
01.04.2026 08:30;0.15;0
01.04.2026 08:45;0.01;0
01.04.2026 09:00;0.01;0
01.04.2026 09:15;0.01;0
01.04.2026 09:30;0.01;0
01.04.2026 09:45;0.01;0
01.04.2026 10:00;0;-0.01
01.04.2026 10:15;0;-0.04
01.04.2026 10:30;0;-0.12
01.04.2026 10:45;0;-0.31
01.04.2026 11:00;0;-0.18
01.04.2026 11:15;0;-0.54
01.04.2026 11:30;0;-0.7
01.04.2026 11:45;0;-0.82
01.04.2026 12:00;0;-1.45
01.04.2026 12:15;0;-1.53
01.04.2026 12:30;0;-1.51
01.04.2026 12:45;0;-1.68
01.04.2026 13:00;0;-1.64
01.04.2026 13:15;0;-1.69
01.04.2026 13:30;0;-1.77
01.04.2026 13:45;0;-1.74
01.04.2026 14:00;0;-1.7
01.04.2026 14:15;0;-1.43
01.04.2026 14:30;0;-1.54
01.04.2026 14:45;0;-1.63
01.04.2026 15:00;0;-1.57
01.04.2026 15:15;0;-1.52
01.04.2026 15:30;0;-1.47
01.04.2026 15:45;0;-1.44
01.04.2026 16:00;0;-1.43
01.04.2026 16:15;0;-1.37
01.04.2026 16:30;0;-1.29
01.04.2026 16:45;0;-1.17
01.04.2026 17:00;0;-1.03
01.04.2026 17:15;0;-0.92
01.04.2026 17:30;0;-0.82
01.04.2026 17:45;0;-0.69
01.04.2026 18:00;0;-0.54
01.04.2026 18:15;0;-0.4
01.04.2026 18:30;0;-0.25
01.04.2026 18:45;0;-0.03
01.04.2026 19:00;0;0
01.04.2026 19:15;0;0
01.04.2026 19:30;0;0
01.04.2026 19:45;0;0
01.04.2026 20:00;0;0
01.04.2026 20:15;0;0
01.04.2026 20:30;0;0
01.04.2026 20:45;0;0
01.04.2026 21:00;0;0
01.04.2026 21:15;0;0
01.04.2026 21:30;0;0
01.04.2026 21:45;0;0
01.04.2026 22:00;0;0
01.04.2026 22:15;0;0
01.04.2026 22:30;0;0
01.04.2026 22:45;0;0
01.04.2026 23:00;0;0
01.04.2026 23:15;0;0
01.04.2026 23:30;0;0
01.04.2026 23:45;0;0
02.04.2026 00:00;0;0
02.04.2026 00:15;0;0
02.04.2026 00:30;0;0
02.04.2026 00:45;0;0
02.04.2026 01:00;0.01;0
02.04.2026 01:15;0.01;0
02.04.2026 01:30;0.01;0
02.04.2026 01:45;0.01;0
02.04.2026 02:00;0.01;0
02.04.2026 02:15;0.01;0
02.04.2026 02:30;0.01;0
02.04.2026 02:45;0.01;0
02.04.2026 03:00;0.01;0
02.04.2026 03:15;0.01;0
02.04.2026 03:30;0.01;0
02.04.2026 03:45;0.01;0
02.04.2026 04:00;0.01;0
02.04.2026 04:15;0.01;0
02.04.2026 04:30;0.01;0
02.04.2026 04:45;0.01;0
02.04.2026 05:00;0.01;0
02.04.2026 05:15;0.01;0
02.04.2026 05:30;0.01;0
02.04.2026 05:45;0.01;0
02.04.2026 06:00;0.15;0
02.04.2026 06:15;0.22;0
02.04.2026 06:30;0.22;0
02.04.2026 06:45;0.21;0
02.04.2026 07:00;0.26;0
02.04.2026 07:15;0.3;0
02.04.2026 07:30;0.28;0
02.04.2026 07:45;0.37;0
02.04.2026 08:00;0.29;0
02.04.2026 08:15;0.34;0
02.04.2026 08:30;0.04;0
02.04.2026 08:45;0;0
02.04.2026 09:00;0;0
02.04.2026 09:15;0;0
02.04.2026 09:30;0;-0.07
02.04.2026 09:45;0;-0.21
02.04.2026 10:00;0;-0.14
02.04.2026 10:15;0;-0.3
02.04.2026 10:30;0;-0.2
02.04.2026 10:45;0;-0.25
02.04.2026 11:00;0;-0.29
02.04.2026 11:15;0;-0.77
02.04.2026 11:30;0;-1.39
02.04.2026 11:45;0;-1.51
02.04.2026 12:00;0;-1.62
02.04.2026 12:15;0;-1.67
02.04.2026 12:30;0;-1.73
02.04.2026 12:45;0;-1.75
02.04.2026 13:00;0;-1.74
02.04.2026 13:15;0;-1.74
02.04.2026 13:30;0;-1.74
02.04.2026 13:45;0;-1.72
02.04.2026 14:00;0;-1.64
02.04.2026 14:15;0;-1.53
02.04.2026 14:30;0;-1.8
02.04.2026 14:45;0;-1.74
02.04.2026 15:00;0;-1.66
02.04.2026 15:15;0;-1.62
02.04.2026 15:30;0;-1.57
02.04.2026 15:45;0;-1.49
02.04.2026 16:00;0;-1.42
02.04.2026 16:15;0;-1.36
02.04.2026 16:30;0;-1.25
02.04.2026 16:45;0;-1.14
02.04.2026 17:00;0;-1.02
02.04.2026 17:15;0;-0.94
02.04.2026 17:30;0;-0.83
02.04.2026 17:45;0;-0.64
02.04.2026 18:00;0;-0.4
02.04.2026 18:15;0;-0.29
02.04.2026 18:30;0;-0.17
02.04.2026 18:45;0;0
02.04.2026 19:00;0.01;0
02.04.2026 19:15;0.01;0
02.04.2026 19:30;0;0
02.04.2026 19:45;0;0
02.04.2026 20:00;0;0
02.04.2026 20:15;0;0
02.04.2026 20:30;0;0
02.04.2026 20:45;0;0
02.04.2026 21:00;0;0
02.04.2026 21:15;0;0
02.04.2026 21:30;0;0
02.04.2026 21:45;0;0
02.04.2026 22:00;0;0
02.04.2026 22:15;0;0
02.04.2026 22:30;0;0
02.04.2026 22:45;0;0
02.04.2026 23:00;0;0
02.04.2026 23:15;0;0
02.04.2026 23:30;0;0
02.04.2026 23:45;0;0
03.04.2026 00:00;0;0
03.04.2026 00:15;0;0
03.04.2026 00:30;0;0
03.04.2026 00:45;0;0
03.04.2026 01:00;0;0
03.04.2026 01:15;0;0
03.04.2026 01:30;0;0
03.04.2026 01:45;0;0
03.04.2026 02:00;0.01;0
03.04.2026 02:15;0.01;0
03.04.2026 02:30;0.01;0
03.04.2026 02:45;0.01;0
03.04.2026 03:00;0.01;0
03.04.2026 03:15;0.01;0
03.04.2026 03:30;0.01;0
03.04.2026 03:45;0.01;0
03.04.2026 04:00;0.01;0
03.04.2026 04:15;0.01;0
03.04.2026 04:30;0.01;0
03.04.2026 04:45;0.01;0
03.04.2026 05:00;0.01;0
03.04.2026 05:15;0.01;0
03.04.2026 05:30;0.01;0
03.04.2026 05:45;0.01;0
03.04.2026 06:00;0.01;0
03.04.2026 06:15;0;0
03.04.2026 06:30;0;0
03.04.2026 06:45;0;0
03.04.2026 07:00;0;0
03.04.2026 07:15;0.01;0
03.04.2026 07:30;0;0
03.04.2026 07:45;0.03;0
03.04.2026 08:00;0.17;0
03.04.2026 08:15;0.23;0
03.04.2026 08:30;0.02;0
03.04.2026 08:45;0;0
03.04.2026 09:00;0;0
03.04.2026 09:15;0;-0.01
03.04.2026 09:30;0;-0.11
03.04.2026 09:45;0;-0.22
03.04.2026 10:00;0;-0.08
03.04.2026 10:15;0;-0.14
03.04.2026 10:30;0;-0.22
03.04.2026 10:45;0;-0.27
03.04.2026 11:00;0;-0.32
03.04.2026 11:15;0;-1.14
03.04.2026 11:30;0;-1.56
03.04.2026 11:45;0;-1.61
03.04.2026 12:00;0;-1.66
03.04.2026 12:15;0;-1.68
03.04.2026 12:30;0;-1.72
03.04.2026 12:45;0;-1.73
03.04.2026 13:00;0;-1.72
03.04.2026 13:15;0;-1.65
03.04.2026 13:30;0;-1.72
03.04.2026 13:45;0;-1.87
03.04.2026 14:00;0;-1.82
03.04.2026 14:15;0;-1.8
03.04.2026 14:30;0;-1.77
03.04.2026 14:45;0;-1.71
03.04.2026 15:00;0;-1.67
03.04.2026 15:15;0;-1.63
03.04.2026 15:30;0;-1.56
03.04.2026 15:45;0;-1.48
03.04.2026 16:00;0;-1.41
03.04.2026 16:15;0;-1.35
03.04.2026 16:30;0;-1.28
03.04.2026 16:45;0;-1.15
03.04.2026 17:00;0;-1.04
03.04.2026 17:15;0;-0.95
03.04.2026 17:30;0;-0.83
03.04.2026 17:45;0;-0.66
03.04.2026 18:00;0;-0.54
03.04.2026 18:15;0;-0.42
03.04.2026 18:30;0;-0.26
03.04.2026 18:45;0;-0.03
03.04.2026 19:00;0;0
03.04.2026 19:15;0;0
03.04.2026 19:30;0;0
03.04.2026 19:45;0;0
03.04.2026 20:00;0;0
03.04.2026 20:15;0;0
03.04.2026 20:30;0;0
03.04.2026 20:45;0;0
03.04.2026 21:00;0;0
03.04.2026 21:15;0;0
03.04.2026 21:30;0;0
03.04.2026 21:45;0;0
03.04.2026 22:00;0;0
03.04.2026 22:15;0;0
03.04.2026 22:30;0;0
03.04.2026 22:45;0;0
03.04.2026 23:00;0;0
03.04.2026 23:15;0;0
03.04.2026 23:30;0;0
03.04.2026 23:45;0;0
04.04.2026 00:00;0;0
04.04.2026 00:15;0;0
04.04.2026 00:30;0;0
04.04.2026 00:45;0;0
04.04.2026 01:00;0;0
04.04.2026 01:15;0;0
04.04.2026 01:30;0;0
04.04.2026 01:45;0;0
04.04.2026 02:00;0;0
04.04.2026 02:15;0;0
04.04.2026 02:30;0;0
04.04.2026 02:45;0;0
04.04.2026 03:00;0;0
04.04.2026 03:15;0;0
04.04.2026 03:30;0;0
04.04.2026 03:45;0;0
04.04.2026 04:00;0;0
04.04.2026 04:15;0;0
04.04.2026 04:30;0;0
04.04.2026 04:45;0;0
04.04.2026 05:00;0;0
04.04.2026 05:15;0;0
04.04.2026 05:30;0;0
04.04.2026 05:45;0;0
04.04.2026 06:00;0;0
04.04.2026 06:15;0;0
04.04.2026 06:30;0;0
04.04.2026 06:45;0;0
04.04.2026 07:00;0;0
04.04.2026 07:15;0;0
04.04.2026 07:30;0;0
04.04.2026 07:45;0;0
04.04.2026 08:00;0.01;0
04.04.2026 08:15;0.01;0
04.04.2026 08:30;0.01;0
04.04.2026 08:45;0.01;0
04.04.2026 09:00;0.01;0
04.04.2026 09:15;0.01;0
04.04.2026 09:30;0;0
04.04.2026 09:45;0;-0.1
04.04.2026 10:00;0;-0.01
04.04.2026 10:15;0;-0.11
04.04.2026 10:30;0;-0.39
04.04.2026 10:45;0;-0.77
04.04.2026 11:00;0;-1.2
04.04.2026 11:15;0;-1.27
04.04.2026 11:30;0;-1.33
04.04.2026 11:45;0;-1.37
04.04.2026 12:00;0;-1.38
04.04.2026 12:15;0;-1.42
04.04.2026 12:30;0;-1.41
04.04.2026 12:45;0;-1.6
04.04.2026 13:00;0;-1.79
04.04.2026 13:15;0;-1.81
04.04.2026 13:30;0;-1.83
04.04.2026 13:45;0;-1.78
04.04.2026 14:00;0;-1.74
04.04.2026 14:15;0;-1.71
04.04.2026 14:30;0;-1.51
04.04.2026 14:45;0;-1.66
04.04.2026 15:00;0;-1.62
04.04.2026 15:15;0;-1.58
04.04.2026 15:30;0;-1.51
04.04.2026 15:45;0;-1.42
04.04.2026 16:00;0;-1.35
04.04.2026 16:15;0;-1.3
04.04.2026 16:30;0;-1.22
04.04.2026 16:45;0;-0.99
04.04.2026 17:00;0;-0.98
04.04.2026 17:15;0;-0.89
04.04.2026 17:30;0;-0.76
04.04.2026 17:45;0;-0.62
04.04.2026 18:00;0;-0.47
04.04.2026 18:15;0.01;-0.13
04.04.2026 18:30;0;-0.12
04.04.2026 18:45;0;-0.02
04.04.2026 19:00;0;0
04.04.2026 19:15;0;0
04.04.2026 19:30;0;0
04.04.2026 19:45;0;0
04.04.2026 20:00;0;0
04.04.2026 20:15;0;0
04.04.2026 20:30;0;0
04.04.2026 20:45;0;0
04.04.2026 21:00;0;0
04.04.2026 21:15;0;0
04.04.2026 21:30;0;0
04.04.2026 21:45;0;0
04.04.2026 22:00;0;0
04.04.2026 22:15;0;0
04.04.2026 22:30;0.01;0
04.04.2026 22:45;0.01;0
04.04.2026 23:00;0.01;0
04.04.2026 23:15;0;0
04.04.2026 23:30;0;0
04.04.2026 23:45;0;0
05.04.2026 00:00;0;0
05.04.2026 00:15;0;0
05.04.2026 00:30;0;0
05.04.2026 00:45;0;0
05.04.2026 01:00;0;0
05.04.2026 01:15;0;0
05.04.2026 01:30;0;0
05.04.2026 01:45;0;0
05.04.2026 02:00;0;0
05.04.2026 02:15;0;0
05.04.2026 02:30;0;0
05.04.2026 02:45;0;0
05.04.2026 03:00;0;0
05.04.2026 03:15;0;0
05.04.2026 03:30;0;0
05.04.2026 03:45;0;0
05.04.2026 04:00;0;0
05.04.2026 04:15;0;0
05.04.2026 04:30;0;0
05.04.2026 04:45;0;0
05.04.2026 05:00;0;0
05.04.2026 05:15;0;0
05.04.2026 05:30;0;0
05.04.2026 05:45;0;0
05.04.2026 06:00;0;0
05.04.2026 06:15;0;0
05.04.2026 06:30;0;0
05.04.2026 06:45;0;0
05.04.2026 07:00;0;0
05.04.2026 07:15;0;0
05.04.2026 07:30;0;0
05.04.2026 07:45;0.01;0
05.04.2026 08:00;0.01;0
05.04.2026 08:15;0.01;0
05.04.2026 08:30;0.01;0
05.04.2026 08:45;0.01;0
05.04.2026 09:00;0.01;0
05.04.2026 09:15;0.01;0
05.04.2026 09:30;0.01;0
05.04.2026 09:45;0.01;0
05.04.2026 10:00;0;-0.02
05.04.2026 10:15;0.01;-0.03
05.04.2026 10:30;0;-0.28
05.04.2026 10:45;0;-0.44
05.04.2026 11:00;0;-0.54
05.04.2026 11:15;0;-0.66
05.04.2026 11:30;0;-1.28
05.04.2026 11:45;0;-1.56
05.04.2026 12:00;0;-1.53
05.04.2026 12:15;0;-1.07
05.04.2026 12:30;0;-1.35
05.04.2026 12:45;0;-1.7
05.04.2026 13:00;0;-1.49
05.04.2026 13:15;0;-1.41
05.04.2026 13:30;0;-1.43
05.04.2026 13:45;0;-1.62
05.04.2026 14:00;0;-1.34
05.04.2026 14:15;0;-1.5
05.04.2026 14:30;0;-1.51
05.04.2026 14:45;0;-1.54
05.04.2026 15:00;0;-1.61
05.04.2026 15:15;0;-1.46
05.04.2026 15:30;0;-1.55
05.04.2026 15:45;0;-1.46
05.04.2026 16:00;0;-1.4
05.04.2026 16:15;0;-1.33
05.04.2026 16:30;0;-1.25
05.04.2026 16:45;0;-1.08
05.04.2026 17:00;0;-0.86
05.04.2026 17:15;0;-0.78
05.04.2026 17:30;0;-0.78
05.04.2026 17:45;0;-0.68
05.04.2026 18:00;0;-0.54
05.04.2026 18:15;0;-0.38
05.04.2026 18:30;0;-0.24
05.04.2026 18:45;0;-0.06
05.04.2026 19:00;0;-0.07
05.04.2026 19:15;0;-0.05
05.04.2026 19:30;0;-0.01
05.04.2026 19:45;0;0
05.04.2026 20:00;0;0
05.04.2026 20:15;0;0
05.04.2026 20:30;0;0
05.04.2026 20:45;0;0
05.04.2026 21:00;0;0
05.04.2026 21:15;0;0
05.04.2026 21:30;0;0
05.04.2026 21:45;0;0
05.04.2026 22:00;0;0
05.04.2026 22:15;0;0
05.04.2026 22:30;0;0
05.04.2026 22:45;0;0
05.04.2026 23:00;0;0
05.04.2026 23:15;0;0
05.04.2026 23:30;0;0
05.04.2026 23:45;0;0
06.04.2026 00:00;0;0
06.04.2026 00:15;0;0
06.04.2026 00:30;0;0
06.04.2026 00:45;0;0
06.04.2026 01:00;0;0
06.04.2026 01:15;0;0
06.04.2026 01:30;0;0
06.04.2026 01:45;0;0
06.04.2026 02:00;0;0
06.04.2026 02:15;0;0
06.04.2026 02:30;0;0
06.04.2026 02:45;0;0
06.04.2026 03:00;0;0
06.04.2026 03:15;0;0
06.04.2026 03:30;0;0
06.04.2026 03:45;0;0
06.04.2026 04:00;0;0
06.04.2026 04:15;0;0
06.04.2026 04:30;0;0
06.04.2026 04:45;0;0
06.04.2026 05:00;0;0
06.04.2026 05:15;0;0
06.04.2026 05:30;0;0
06.04.2026 05:45;0;0
06.04.2026 06:00;0;0
06.04.2026 06:15;0;0
06.04.2026 06:30;0;0
06.04.2026 06:45;0;0
06.04.2026 07:00;0;0
06.04.2026 07:15;0;0
06.04.2026 07:30;0;0
06.04.2026 07:45;0;0
06.04.2026 08:00;0.01;0
06.04.2026 08:15;0.01;0
06.04.2026 08:30;0.01;0
06.04.2026 08:45;0.01;0
06.04.2026 09:00;0;0
06.04.2026 09:15;0;-0.01
06.04.2026 09:30;0;-0.11
06.04.2026 09:45;0;-0.19
06.04.2026 10:00;0;-0.18
06.04.2026 10:15;0;-0.55
06.04.2026 10:30;0;-0.66
06.04.2026 10:45;0.01;-0.44
06.04.2026 11:00;0.02;0
06.04.2026 11:15;0.01;-0.08
06.04.2026 11:30;0;-0.66
06.04.2026 11:45;0;-1.14
06.04.2026 12:00;0;-1.5
06.04.2026 12:15;0;-1.44
06.04.2026 12:30;0;-1.55
06.04.2026 12:45;0;-1.65
06.04.2026 13:00;0;-1.75
06.04.2026 13:15;0;-1.79
06.04.2026 13:30;0;-1.79
06.04.2026 13:45;0;-1.79
06.04.2026 14:00;0;-1.79
06.04.2026 14:15;0;-1.68
06.04.2026 14:30;0;-1.75
06.04.2026 14:45;0;-1.73
06.04.2026 15:00;0;-1.66
06.04.2026 15:15;0;-1.56
06.04.2026 15:30;0;-1.4
06.04.2026 15:45;0;-1.4
06.04.2026 16:00;0;-1.32
06.04.2026 16:15;0;-1.25
06.04.2026 16:30;0;-1.17
06.04.2026 16:45;0;-1.05
06.04.2026 17:00;0;-1
06.04.2026 17:15;0;-0.65
06.04.2026 17:30;0;-0.6
06.04.2026 17:45;0;-0.47
06.04.2026 18:00;0;-0.25
06.04.2026 18:15;0;-0.16
06.04.2026 18:30;0;-0.14
06.04.2026 18:45;0;-0.03
06.04.2026 19:00;0;0
06.04.2026 19:15;0;-0.01
06.04.2026 19:30;0;-0.01
06.04.2026 19:45;0;0
06.04.2026 20:00;0;0
06.04.2026 20:15;0;0
06.04.2026 20:30;0;0
06.04.2026 20:45;0;0
06.04.2026 21:00;0;0
06.04.2026 21:15;0;0
06.04.2026 21:30;0;0
06.04.2026 21:45;0;0
06.04.2026 22:00;0;0
06.04.2026 22:15;0;0
06.04.2026 22:30;0;0
06.04.2026 22:45;0;0
06.04.2026 23:00;0;0
06.04.2026 23:15;0;0
06.04.2026 23:30;0;0
06.04.2026 23:45;0;0
07.04.2026 00:00;0;0
07.04.2026 00:15;0;0
07.04.2026 00:30;0;0
07.04.2026 00:45;0;0
07.04.2026 01:00;0;0
07.04.2026 01:15;0;0
07.04.2026 01:30;0;0
07.04.2026 01:45;0;0
07.04.2026 02:00;0;0
07.04.2026 02:15;0;0
07.04.2026 02:30;0;0
07.04.2026 02:45;0;0
07.04.2026 03:00;0;0
07.04.2026 03:15;0;0
07.04.2026 03:30;0;0
07.04.2026 03:45;0;0
07.04.2026 04:00;0;0
07.04.2026 04:15;0;0
07.04.2026 04:30;0;0
07.04.2026 04:45;0;0
07.04.2026 05:00;0;0
07.04.2026 05:15;0;0
07.04.2026 05:30;0;0
07.04.2026 05:45;0;0
07.04.2026 06:00;0;0
07.04.2026 06:15;0;0
07.04.2026 06:30;0;0
07.04.2026 06:45;0;0
07.04.2026 07:00;0;0
07.04.2026 07:15;0;0
07.04.2026 07:30;0;0
07.04.2026 07:45;0;0
07.04.2026 08:00;0.01;0
07.04.2026 08:15;0.01;0
07.04.2026 08:30;0;0
07.04.2026 08:45;0;0
07.04.2026 09:00;0;0
07.04.2026 09:15;0;0
07.04.2026 09:30;0.01;0
07.04.2026 09:45;0;-0.03
07.04.2026 10:00;0;-0.11
07.04.2026 10:15;0;-0.89
07.04.2026 10:30;0;-1.05
07.04.2026 10:45;0;-1.14
07.04.2026 11:00;0;-1.4
07.04.2026 11:15;0;-1.57
07.04.2026 11:30;0;-1.68
07.04.2026 11:45;0;-1.71
07.04.2026 12:00;0;-1.72
07.04.2026 12:15;0;-1.76
07.04.2026 12:30;0;-1.77
07.04.2026 12:45;0;-1.7
07.04.2026 13:00;0;-1.76
07.04.2026 13:15;0;-1.78
07.04.2026 13:30;0;-1.8
07.04.2026 13:45;0;-1.79
07.04.2026 14:00;0;-1.74
07.04.2026 14:15;0;-1.71
07.04.2026 14:30;0;-1.49
07.04.2026 14:45;0;-1.55
07.04.2026 15:00;0;-1.63
07.04.2026 15:15;0;-1.57
07.04.2026 15:30;0;-1.51
07.04.2026 15:45;0;-1.44
07.04.2026 16:00;0;-1.35
07.04.2026 16:15;0;-1.3
07.04.2026 16:30;0;-1.08
07.04.2026 16:45;0;-0.69
07.04.2026 17:00;0;-0.79
07.04.2026 17:15;0;-0.79
07.04.2026 17:30;0;-0.65
07.04.2026 17:45;0;-0.49
07.04.2026 18:00;0;-0.5
07.04.2026 18:15;0;-0.37
07.04.2026 18:30;0;-0.24
07.04.2026 18:45;0;-0.05
07.04.2026 19:00;0;0
07.04.2026 19:15;0;0
07.04.2026 19:30;0;0
07.04.2026 19:45;0;0
07.04.2026 20:00;0;0
07.04.2026 20:15;0.01;0
07.04.2026 20:30;0;0
07.04.2026 20:45;0;0
07.04.2026 21:00;0;0
07.04.2026 21:15;0;0
07.04.2026 21:30;0;0
07.04.2026 21:45;0;0
07.04.2026 22:00;0;0
07.04.2026 22:15;0;0
07.04.2026 22:30;0;0
07.04.2026 22:45;0;0
07.04.2026 23:00;0;0
07.04.2026 23:15;0;0
07.04.2026 23:30;0;0
07.04.2026 23:45;0;0
08.04.2026 00:00;0;0
08.04.2026 00:15;0;0
08.04.2026 00:30;0;0
08.04.2026 00:45;0;0
08.04.2026 01:00;0;0
08.04.2026 01:15;0;0
08.04.2026 01:30;0;0
08.04.2026 01:45;0;0
08.04.2026 02:00;0;0
08.04.2026 02:15;0;0
08.04.2026 02:30;0;0
08.04.2026 02:45;0;0
08.04.2026 03:00;0;0
08.04.2026 03:15;0;0
08.04.2026 03:30;0;0
08.04.2026 03:45;0;0
08.04.2026 04:00;0;0
08.04.2026 04:15;0;0
08.04.2026 04:30;0;0
08.04.2026 04:45;0;0
08.04.2026 05:00;0;0
08.04.2026 05:15;0;0
08.04.2026 05:30;0;0
08.04.2026 05:45;0;0
08.04.2026 06:00;0;0
08.04.2026 06:15;0;0
08.04.2026 06:30;0;0
08.04.2026 06:45;0;0
08.04.2026 07:00;0;0
08.04.2026 07:15;0;0
08.04.2026 07:30;0;0
08.04.2026 07:45;0;0
08.04.2026 08:00;0.01;0
08.04.2026 08:15;0.01;0
08.04.2026 08:30;0.01;0
08.04.2026 08:45;0;0
08.04.2026 09:00;0;0
08.04.2026 09:15;0;0
08.04.2026 09:30;0;-0.01
08.04.2026 09:45;0;-0.14
08.04.2026 10:00;0;-0.31
08.04.2026 10:15;0;-0.42
08.04.2026 10:30;0;-0.58
08.04.2026 10:45;0;-1.35
08.04.2026 11:00;0;-1.46
08.04.2026 11:15;0;-1.48
08.04.2026 11:30;0;-1.32
08.04.2026 11:45;0;-1.53
08.04.2026 12:00;0;-1.65
08.04.2026 12:15;0;-1.47
08.04.2026 12:30;0;-1.41
08.04.2026 12:45;0;-1.49
08.04.2026 13:00;0;-1.67
08.04.2026 13:15;0;-1.64
08.04.2026 13:30;0;-1.48
08.04.2026 13:45;0;-1.75
08.04.2026 14:00;0;-1.53
08.04.2026 14:15;0;-1.15
08.04.2026 14:30;0;-1.52
08.04.2026 14:45;0;-1.28
08.04.2026 15:00;0;-1.58
08.04.2026 15:15;0;-1.54
08.04.2026 15:30;0;-1.5
08.04.2026 15:45;0;-1.44
08.04.2026 16:00;0;-1.32
08.04.2026 16:15;0;-1.24
08.04.2026 16:30;0;-1.18
08.04.2026 16:45;0;-1.07
08.04.2026 17:00;0;-0.94
08.04.2026 17:15;0;-0.86
08.04.2026 17:30;0;-0.78
08.04.2026 17:45;0;-0.6
08.04.2026 18:00;0;-0.47
08.04.2026 18:15;0;-0.32
08.04.2026 18:30;0;-0.1
08.04.2026 18:45;0;0
08.04.2026 19:00;0.06;0
08.04.2026 19:15;0.02;0
08.04.2026 19:30;0;0
08.04.2026 19:45;0;0
08.04.2026 20:00;0;0
08.04.2026 20:15;0;0
08.04.2026 20:30;0;0
08.04.2026 20:45;0;0
08.04.2026 21:00;0;0
08.04.2026 21:15;0;0
08.04.2026 21:30;0;0
08.04.2026 21:45;0;0
08.04.2026 22:00;0;0
08.04.2026 22:15;0;0
08.04.2026 22:30;0;0
08.04.2026 22:45;0;0
08.04.2026 23:00;0;0
08.04.2026 23:15;0;0
08.04.2026 23:30;0;0
08.04.2026 23:45;0;0
09.04.2026 00:00;0;0
09.04.2026 00:15;0;0
09.04.2026 00:30;0;0
09.04.2026 00:45;0;0
09.04.2026 01:00;0;0
09.04.2026 01:15;0;0
09.04.2026 01:30;0;0
09.04.2026 01:45;0;0
09.04.2026 02:00;0;0
09.04.2026 02:15;0;0
09.04.2026 02:30;0;0
09.04.2026 02:45;0;0
09.04.2026 03:00;0;0
09.04.2026 03:15;0;0
09.04.2026 03:30;0;0
09.04.2026 03:45;0;0
09.04.2026 04:00;0;0
09.04.2026 04:15;0;0
09.04.2026 04:30;0;0
09.04.2026 04:45;0;0
09.04.2026 05:00;0;0
09.04.2026 05:15;0;0
09.04.2026 05:30;0;0
09.04.2026 05:45;0;0
09.04.2026 06:00;0;0
09.04.2026 06:15;0;0
09.04.2026 06:30;0;0
09.04.2026 06:45;0;0
09.04.2026 07:00;0;0
09.04.2026 07:15;0;0
09.04.2026 07:30;0;0
09.04.2026 07:45;0;0
09.04.2026 08:00;0.01;0
09.04.2026 08:15;0.01;0
09.04.2026 08:30;0.01;0
09.04.2026 08:45;0.01;0
09.04.2026 09:00;0;0
09.04.2026 09:15;0;0
09.04.2026 09:30;0;0
09.04.2026 09:45;0;-0.02
09.04.2026 10:00;0;-0.12
09.04.2026 10:15;0;-0.26
09.04.2026 10:30;0;-0.93
09.04.2026 10:45;0;-1.08
09.04.2026 11:00;0;-1.18
09.04.2026 11:15;0;-1.44
09.04.2026 11:30;0;-1.6
09.04.2026 11:45;0;-1.68
09.04.2026 12:00;0;-1.3
09.04.2026 12:15;0;-1.54
09.04.2026 12:30;0;-1.56
09.04.2026 12:45;0;-1.7
09.04.2026 13:00;0;-1.36
09.04.2026 13:15;0;-1.55
09.04.2026 13:30;0;-1.77
09.04.2026 13:45;0;-1.7
09.04.2026 14:00;0;-1.76
09.04.2026 14:15;0;-1.73
09.04.2026 14:30;0;-1.66
09.04.2026 14:45;0;-1.64
09.04.2026 15:00;0;-1.64
09.04.2026 15:15;0;-1.58
09.04.2026 15:30;0;-1.48
09.04.2026 15:45;0;-1.43
09.04.2026 16:00;0;-1.36
09.04.2026 16:15;0;-1.28
09.04.2026 16:30;0;-1.18
09.04.2026 16:45;0;-0.96
09.04.2026 17:00;0;-0.57
09.04.2026 17:15;0;-0.54
09.04.2026 17:30;0;-0.34
09.04.2026 17:45;0;-0.44
09.04.2026 18:00;0;-0.29
09.04.2026 18:15;0;-0.11
09.04.2026 18:30;0;-0.09
09.04.2026 18:45;0.01;0
09.04.2026 19:00;0.01;0
09.04.2026 19:15;0.01;0
09.04.2026 19:30;0.01;0
09.04.2026 19:45;0;0
09.04.2026 20:00;0;0
09.04.2026 20:15;0;0
09.04.2026 20:30;0;0
09.04.2026 20:45;0;0
09.04.2026 21:00;0;0
09.04.2026 21:15;0;0
09.04.2026 21:30;0;0
09.04.2026 21:45;0;0
09.04.2026 22:00;0;0
09.04.2026 22:15;0;0
09.04.2026 22:30;0;0
09.04.2026 22:45;0;0
09.04.2026 23:00;0;0
09.04.2026 23:15;0;0
09.04.2026 23:30;0;0
09.04.2026 23:45;0;0
10.04.2026 00:00;0;0
10.04.2026 00:15;0;0
10.04.2026 00:30;0;0
10.04.2026 00:45;0;0
10.04.2026 01:00;0;0
10.04.2026 01:15;0;0
10.04.2026 01:30;0;0
10.04.2026 01:45;0;0
10.04.2026 02:00;0;0
10.04.2026 02:15;0;0
10.04.2026 02:30;0;0
10.04.2026 02:45;0;0
10.04.2026 03:00;0;0
10.04.2026 03:15;0;0
10.04.2026 03:30;0;0
10.04.2026 03:45;0;0
10.04.2026 04:00;0;0
10.04.2026 04:15;0;0
10.04.2026 04:30;0;0
10.04.2026 04:45;0;0
10.04.2026 05:00;0;0
10.04.2026 05:15;0;0
10.04.2026 05:30;0;0
10.04.2026 05:45;0;0
10.04.2026 06:00;0;0
10.04.2026 06:15;0;0
10.04.2026 06:30;0;0
10.04.2026 06:45;0;0
10.04.2026 07:00;0;0
10.04.2026 07:15;0;0
10.04.2026 07:30;0;0
10.04.2026 07:45;0;0
10.04.2026 08:00;0;0
10.04.2026 08:15;0.01;0
10.04.2026 08:30;0.01;0
10.04.2026 08:45;0.01;0
10.04.2026 09:00;0.01;0
10.04.2026 09:15;0.01;0
10.04.2026 09:30;0.01;0
10.04.2026 09:45;0;-0.01
10.04.2026 10:00;0;-0.04
10.04.2026 10:15;0;-0.11
10.04.2026 10:30;0;-0.25
10.04.2026 10:45;0;-0.36
10.04.2026 11:00;0;-0.84
10.04.2026 11:15;0;-1.37
10.04.2026 11:30;0;-1.34
10.04.2026 11:45;0;-1.43
10.04.2026 12:00;0;-1.26
10.04.2026 12:15;0;-1.52
10.04.2026 12:30;0;-1.41
10.04.2026 12:45;0;-1.51
10.04.2026 13:00;0;-1.41
10.04.2026 13:15;0;-1.31
10.04.2026 13:30;0;-1.32
10.04.2026 13:45;0;-1.14
10.04.2026 14:00;0;-1.41
10.04.2026 14:15;0;-1.18
10.04.2026 14:30;0;-1.55
10.04.2026 14:45;0;-1.34
10.04.2026 15:00;0;-1.03
10.04.2026 15:15;0;-0.58
10.04.2026 15:30;0;-0.75
10.04.2026 15:45;0;-0.72
10.04.2026 16:00;0;-0.71
10.04.2026 16:15;0;-0.24
10.04.2026 16:30;0;-1.06
10.04.2026 16:45;0;-1.01
10.04.2026 17:00;0.01;-0.19
10.04.2026 17:15;0.01;0
10.04.2026 17:30;0;0
10.04.2026 17:45;0;0
10.04.2026 18:00;0;-0.22
10.04.2026 18:15;0;-0.34
10.04.2026 18:30;0;-0.21
10.04.2026 18:45;0;-0.05
10.04.2026 19:00;0.01;0
10.04.2026 19:15;0.01;0
10.04.2026 19:30;0;0
10.04.2026 19:45;0;0
10.04.2026 20:00;0;0
10.04.2026 20:15;0;0
10.04.2026 20:30;0;0
10.04.2026 20:45;0;0
10.04.2026 21:00;0;0
10.04.2026 21:15;0;0
10.04.2026 21:30;0;0
10.04.2026 21:45;0;0
10.04.2026 22:00;0;0
10.04.2026 22:15;0;0
10.04.2026 22:30;0;0
10.04.2026 22:45;0;0
10.04.2026 23:00;0;0
10.04.2026 23:15;0;0
10.04.2026 23:30;0;0
10.04.2026 23:45;0;0
11.04.2026 00:00;0;0
11.04.2026 00:15;0;0
11.04.2026 00:30;0;0
11.04.2026 00:45;0;0
11.04.2026 01:00;0;0
11.04.2026 01:15;0;0
11.04.2026 01:30;0;0
11.04.2026 01:45;0;0
11.04.2026 02:00;0;0
11.04.2026 02:15;0;0
11.04.2026 02:30;0;0
11.04.2026 02:45;0;0
11.04.2026 03:00;0;0
11.04.2026 03:15;0;0
11.04.2026 03:30;0;0
11.04.2026 03:45;0;0
11.04.2026 04:00;0;0
11.04.2026 04:15;0;0
11.04.2026 04:30;0;0
11.04.2026 04:45;0;0
11.04.2026 05:00;0;0
11.04.2026 05:15;0;0
11.04.2026 05:30;0;0
11.04.2026 05:45;0;0
11.04.2026 06:00;0;0
11.04.2026 06:15;0;0
11.04.2026 06:30;0;0
11.04.2026 06:45;0;0
11.04.2026 07:00;0;0
11.04.2026 07:15;0;0
11.04.2026 07:30;0;0
11.04.2026 07:45;0;0
11.04.2026 08:00;0.01;0
11.04.2026 08:15;0.01;0
11.04.2026 08:30;0.01;0
11.04.2026 08:45;0.01;0
11.04.2026 09:00;0.01;0
11.04.2026 09:15;0.01;0
11.04.2026 09:30;0;-0.03
11.04.2026 09:45;0;-0.19
11.04.2026 10:00;0;-0.4
11.04.2026 10:15;0;-1.17
11.04.2026 10:30;0;-1.33
11.04.2026 10:45;0;-1.41
11.04.2026 11:00;0;-1.45
11.04.2026 11:15;0;-1.45
11.04.2026 11:30;0;-1.5
11.04.2026 11:45;0;-1.7
11.04.2026 12:00;0;-1.7
11.04.2026 12:15;0;-1.74
11.04.2026 12:30;0;-1.76
11.04.2026 12:45;0;-1.76
11.04.2026 13:00;0;-1.73
11.04.2026 13:15;0;-1.49
11.04.2026 13:30;0;-1.74
11.04.2026 13:45;0;-1.74
11.04.2026 14:00;0;-1.68
11.04.2026 14:15;0;-1.64
11.04.2026 14:30;0;-1.64
11.04.2026 14:45;0;-1.39
11.04.2026 15:00;0;-1.57
11.04.2026 15:15;0;-1.45
11.04.2026 15:30;0;-0.69
11.04.2026 15:45;0;-0.62
11.04.2026 16:00;0;-0.86
11.04.2026 16:15;0;-0.8
11.04.2026 16:30;0;-0.6
11.04.2026 16:45;0;-0.34
11.04.2026 17:00;0;-0.11
11.04.2026 17:15;0;-0.18
11.04.2026 17:30;0;-0.3
11.04.2026 17:45;0;-0.26
11.04.2026 18:00;0;-0.39
11.04.2026 18:15;0;-0.1
11.04.2026 18:30;0;0
11.04.2026 18:45;0.01;0
11.04.2026 19:00;0;0
11.04.2026 19:15;0;0
11.04.2026 19:30;0;0
11.04.2026 19:45;0;0
11.04.2026 20:00;0;0
11.04.2026 20:15;0;0
11.04.2026 20:30;0;0
11.04.2026 20:45;0;0
11.04.2026 21:00;0;0
11.04.2026 21:15;0;0
11.04.2026 21:30;0;0
11.04.2026 21:45;0;0
11.04.2026 22:00;0;0
11.04.2026 22:15;0;0
11.04.2026 22:30;0;0
11.04.2026 22:45;0;0
11.04.2026 23:00;0;0
11.04.2026 23:15;0;0
11.04.2026 23:30;0;0
11.04.2026 23:45;0;0
12.04.2026 00:00;0;0
12.04.2026 00:15;0;0
12.04.2026 00:30;0;0
12.04.2026 00:45;0;0
12.04.2026 01:00;0;0
12.04.2026 01:15;0;0
12.04.2026 01:30;0;0
12.04.2026 01:45;0;0
12.04.2026 02:00;0;0
12.04.2026 02:15;0;0
12.04.2026 02:30;0;0
12.04.2026 02:45;0;0
12.04.2026 03:00;0;0
12.04.2026 03:15;0;0
12.04.2026 03:30;0;0
12.04.2026 03:45;0;0
12.04.2026 04:00;0;0
12.04.2026 04:15;0;0
12.04.2026 04:30;0;0
12.04.2026 04:45;0;0
12.04.2026 05:00;0;0
12.04.2026 05:15;0;0
12.04.2026 05:30;0;0
12.04.2026 05:45;0;0
12.04.2026 06:00;0;0
12.04.2026 06:15;0;0
12.04.2026 06:30;0;0
12.04.2026 06:45;0;0
12.04.2026 07:00;0;0
12.04.2026 07:15;0;0
12.04.2026 07:30;0;0
12.04.2026 07:45;0;0
12.04.2026 08:00;0;0
12.04.2026 08:15;0.01;0
12.04.2026 08:30;0.01;0
12.04.2026 08:45;0.01;0
12.04.2026 09:00;0.01;0
12.04.2026 09:15;0.01;0
12.04.2026 09:30;0.01;0
12.04.2026 09:45;0.01;0
12.04.2026 10:00;0;0
12.04.2026 10:15;0;0
12.04.2026 10:30;0;0
12.04.2026 10:45;0.01;0
12.04.2026 11:00;0;0
12.04.2026 11:15;0;0
12.04.2026 11:30;0;0
12.04.2026 11:45;0;0
12.04.2026 12:00;0;0
12.04.2026 12:15;0;0
12.04.2026 12:30;0;0
12.04.2026 12:45;0;-0.01
12.04.2026 13:00;0;0
12.04.2026 13:15;0;0
12.04.2026 13:30;0;0
12.04.2026 13:45;0;0
12.04.2026 14:00;0;0
12.04.2026 14:15;0;-0.08
12.04.2026 14:30;0;-0.07
12.04.2026 14:45;0;-0.22
12.04.2026 15:00;0;-0.3
12.04.2026 15:15;0;-0.37
12.04.2026 15:30;0;-0.24
12.04.2026 15:45;0;-0.1
12.04.2026 16:00;0;-0.04
12.04.2026 16:15;0;-0.08
12.04.2026 16:30;0;-0.18
12.04.2026 16:45;0;-0.19
12.04.2026 17:00;0;-0.23
12.04.2026 17:15;0;-0.22
12.04.2026 17:30;0;-0.23
12.04.2026 17:45;0;-0.24
12.04.2026 18:00;0;-0.21
12.04.2026 18:15;0;-0.17
12.04.2026 18:30;0;-0.08
12.04.2026 18:45;0;-0.06
12.04.2026 19:00;0;-0.07
12.04.2026 19:15;0;-0.04
12.04.2026 19:30;0;0
12.04.2026 19:45;0;0
12.04.2026 20:00;0;0
12.04.2026 20:15;0.01;0
12.04.2026 20:30;0;0
12.04.2026 20:45;0;0
12.04.2026 21:00;0;0
12.04.2026 21:15;0;0
12.04.2026 21:30;0;0
12.04.2026 21:45;0;0
12.04.2026 22:00;0;0
12.04.2026 22:15;0;0
12.04.2026 22:30;0;0
12.04.2026 22:45;0;0
12.04.2026 23:00;0;0
12.04.2026 23:15;0;0
12.04.2026 23:30;0;0
12.04.2026 23:45;0;0
13.04.2026 00:00;0;0
13.04.2026 00:15;0;0
13.04.2026 00:30;0;0
13.04.2026 00:45;0;0
13.04.2026 01:00;0;0
13.04.2026 01:15;0;0
13.04.2026 01:30;0;0
13.04.2026 01:45;0;0
13.04.2026 02:00;0;0
13.04.2026 02:15;0;0
13.04.2026 02:30;0;0
13.04.2026 02:45;0;0
13.04.2026 03:00;0;0
13.04.2026 03:15;0;0
13.04.2026 03:30;0;0
13.04.2026 03:45;0;0
13.04.2026 04:00;0;0
13.04.2026 04:15;0;0
13.04.2026 04:30;0;0
13.04.2026 04:45;0;0
13.04.2026 05:00;0;0
13.04.2026 05:15;0;0
13.04.2026 05:30;0;0
13.04.2026 05:45;0;0
13.04.2026 06:00;0;0
13.04.2026 06:15;0;0
13.04.2026 06:30;0;0
13.04.2026 06:45;0;0
13.04.2026 07:00;0;0
13.04.2026 07:15;0;0
13.04.2026 07:30;0;0
13.04.2026 07:45;0;0
13.04.2026 08:00;0.01;0
13.04.2026 08:15;0.01;0
13.04.2026 08:30;0.01;0
13.04.2026 08:45;0.01;0
13.04.2026 09:00;0.01;0
13.04.2026 09:15;0.01;0
13.04.2026 09:30;0.02;0
13.04.2026 09:45;0.01;0
13.04.2026 10:00;0.01;0
13.04.2026 10:15;0.01;0
13.04.2026 10:30;0.01;0
13.04.2026 10:45;0.93;0
13.04.2026 11:00;1.51;0
13.04.2026 11:15;1.54;0
13.04.2026 11:30;1.37;0
13.04.2026 11:45;0;0
13.04.2026 12:00;0;0
13.04.2026 12:15;0;0
13.04.2026 12:30;0.01;0
13.04.2026 12:45;0.03;0
13.04.2026 13:00;0.01;0
13.04.2026 13:15;0.01;0
13.04.2026 13:30;0;0
13.04.2026 13:45;0;0
13.04.2026 14:00;0.01;0
13.04.2026 14:15;0;0
13.04.2026 14:30;0;0
13.04.2026 14:45;0;0
13.04.2026 15:00;0;0
13.04.2026 15:15;0;0
13.04.2026 15:30;0;0
13.04.2026 15:45;0;0
13.04.2026 16:00;0;0
13.04.2026 16:15;0;0
13.04.2026 16:30;0;0
13.04.2026 16:45;0;0
13.04.2026 17:00;0;0
13.04.2026 17:15;0;0
13.04.2026 17:30;0;0
13.04.2026 17:45;0;0
13.04.2026 18:00;0;0
13.04.2026 18:15;0.01;0
13.04.2026 18:30;0.01;0
13.04.2026 18:45;0;0
13.04.2026 19:00;0;0
13.04.2026 19:15;0;0
13.04.2026 19:30;0;0
13.04.2026 19:45;0.01;0
13.04.2026 20:00;0;0
13.04.2026 20:15;0;0
13.04.2026 20:30;0;0
13.04.2026 20:45;0;0
13.04.2026 21:00;0;0
13.04.2026 21:15;0;0
13.04.2026 21:30;0;0
13.04.2026 21:45;0;0
13.04.2026 22:00;0;0
13.04.2026 22:15;0;0
13.04.2026 22:30;0;0
13.04.2026 22:45;0;0
13.04.2026 23:00;0;0
13.04.2026 23:15;0;0
13.04.2026 23:30;0;0
13.04.2026 23:45;0;0
14.04.2026 00:00;0;0
14.04.2026 00:15;0;0
14.04.2026 00:30;0;0
14.04.2026 00:45;0;0
14.04.2026 01:00;0;0
14.04.2026 01:15;0;0
14.04.2026 01:30;0;0
14.04.2026 01:45;0;0
14.04.2026 02:00;0;0
14.04.2026 02:15;0;0
14.04.2026 02:30;0;0
14.04.2026 02:45;0;0
14.04.2026 03:00;0;0
14.04.2026 03:15;0;0
14.04.2026 03:30;0;0
14.04.2026 03:45;0;0
14.04.2026 04:00;0;0
14.04.2026 04:15;0;0
14.04.2026 04:30;0;0
14.04.2026 04:45;0;0
14.04.2026 05:00;0;0
14.04.2026 05:15;0;0
14.04.2026 05:30;0;0
14.04.2026 05:45;0;0
14.04.2026 06:00;0;0
14.04.2026 06:15;0;0
14.04.2026 06:30;0;0
14.04.2026 06:45;0;0
14.04.2026 07:00;0;0
14.04.2026 07:15;0;0
14.04.2026 07:30;0;0
14.04.2026 07:45;0;0
14.04.2026 08:00;0.01;0
14.04.2026 08:15;0.01;0
14.04.2026 08:30;0.01;0
14.04.2026 08:45;0.09;0
14.04.2026 09:00;0.34;0
14.04.2026 09:15;0.21;0
14.04.2026 09:30;0.08;0
14.04.2026 09:45;0.18;0
14.04.2026 10:00;0.22;0
14.04.2026 10:15;0.27;0
14.04.2026 10:30;0.27;0
14.04.2026 10:45;0.16;0
14.04.2026 11:00;0.13;0
14.04.2026 11:15;0.08;0
14.04.2026 11:30;0.03;0
14.04.2026 11:45;0.01;0
14.04.2026 12:00;0.02;0
14.04.2026 12:15;0.01;0
14.04.2026 12:30;0;-0.02
14.04.2026 12:45;0;-0.06
14.04.2026 13:00;0;-0.37
14.04.2026 13:15;0;-0.13
14.04.2026 13:30;0.01;0
14.04.2026 13:45;0;-0.1
14.04.2026 14:00;0;-0.09
14.04.2026 14:15;0;-0.13
14.04.2026 14:30;0;-0.04
14.04.2026 14:45;0;0
14.04.2026 15:00;0;-0.06
14.04.2026 15:15;0;-0.29
14.04.2026 15:30;0.01;-0.16
14.04.2026 15:45;0.01;0
14.04.2026 16:00;0.01;0
14.04.2026 16:15;0.01;0
14.04.2026 16:30;0;0
14.04.2026 16:45;0;-0.05
14.04.2026 17:00;0;-0.29
14.04.2026 17:15;0;-0.3
14.04.2026 17:30;0;-0.15
14.04.2026 17:45;0.01;-0.04
14.04.2026 18:00;0.01;0
14.04.2026 18:15;0.01;0
14.04.2026 18:30;0.01;0
14.04.2026 18:45;0.01;0
14.04.2026 19:00;0;0
14.04.2026 19:15;0;0
14.04.2026 19:30;0;0
14.04.2026 19:45;0;0
14.04.2026 20:00;0;0
14.04.2026 20:15;0;0
14.04.2026 20:30;0;0
14.04.2026 20:45;0;0
14.04.2026 21:00;0;0
14.04.2026 21:15;0;0
14.04.2026 21:30;0;0
14.04.2026 21:45;0;0
14.04.2026 22:00;0;0
14.04.2026 22:15;0;0
14.04.2026 22:30;0;0
14.04.2026 22:45;0;0
14.04.2026 23:00;0;0
14.04.2026 23:15;0;0
14.04.2026 23:30;0;0
14.04.2026 23:45;0;0
15.04.2026 00:00;0;0
15.04.2026 00:15;0;0
15.04.2026 00:30;0;0
15.04.2026 00:45;0;0
15.04.2026 01:00;0;0
15.04.2026 01:15;0;0
15.04.2026 01:30;0;0
15.04.2026 01:45;0;0
15.04.2026 02:00;0;0
15.04.2026 02:15;0;0
15.04.2026 02:30;0;0
15.04.2026 02:45;0;0
15.04.2026 03:00;0;0
15.04.2026 03:15;0;0
15.04.2026 03:30;0;0
15.04.2026 03:45;0;0
15.04.2026 04:00;0;0
15.04.2026 04:15;0;0
15.04.2026 04:30;0;0
15.04.2026 04:45;0;0
15.04.2026 05:00;0;0
15.04.2026 05:15;0;0
15.04.2026 05:30;0;0
15.04.2026 05:45;0.01;0
15.04.2026 06:00;0.01;0
15.04.2026 06:15;;
15.04.2026 06:30;;
15.04.2026 06:45;;
15.04.2026 07:00;0.01;0
15.04.2026 07:15;0.01;0
15.04.2026 07:30;0;0
15.04.2026 07:45;0;0
15.04.2026 08:00;0.01;0
15.04.2026 08:15;0.01;0
15.04.2026 08:30;0;0
15.04.2026 08:45;0;0
15.04.2026 09:00;0;0
15.04.2026 09:15;0;0
15.04.2026 09:30;0;-0.02
15.04.2026 09:45;0;-0.13
15.04.2026 10:00;0;-0.24
15.04.2026 10:15;0;-0.41
15.04.2026 10:30;0;-0.56
15.04.2026 10:45;0;-0.63
15.04.2026 11:00;0;-0.67
15.04.2026 11:15;0;-0.97
15.04.2026 11:30;0;-1.4
15.04.2026 11:45;0;-1.62
15.04.2026 12:00;0;-1.74
15.04.2026 12:15;0;-1.78
15.04.2026 12:30;0;-1.62
15.04.2026 12:45;0;-1.49
15.04.2026 13:00;0;-1.78
15.04.2026 13:15;0;-1.74
15.04.2026 13:30;0;-1.56
15.04.2026 13:45;0;-1.8
15.04.2026 14:00;0;-1.77
15.04.2026 14:15;0;-1.77
15.04.2026 14:30;0;-1.66
15.04.2026 14:45;0;-1.56
15.04.2026 15:00;0;-1.45
15.04.2026 15:15;0;-1.59
15.04.2026 15:30;0;-1.53
15.04.2026 15:45;0;-1.45
15.04.2026 16:00;0;-1.38
15.04.2026 16:15;0;-1.31
15.04.2026 16:30;0;-1.23
15.04.2026 16:45;0;-1.12
15.04.2026 17:00;0;-1.04
15.04.2026 17:15;0;-0.96
15.04.2026 17:30;0;-0.82
15.04.2026 17:45;0;-0.66
15.04.2026 18:00;0;-0.53
15.04.2026 18:15;0;-0.42
15.04.2026 18:30;0;-0.21
15.04.2026 18:45;0;-0.02
15.04.2026 19:00;0;-0.01
15.04.2026 19:15;0;0
15.04.2026 19:30;0;0
15.04.2026 19:45;0;0
15.04.2026 20:00;0;0
15.04.2026 20:15;0;0
15.04.2026 20:30;0;0
15.04.2026 20:45;0;0
15.04.2026 21:00;0;0
15.04.2026 21:15;0;0
15.04.2026 21:30;0;0
15.04.2026 21:45;0;0
15.04.2026 22:00;0;0
15.04.2026 22:15;0;0
15.04.2026 22:30;0;0
15.04.2026 22:45;0;0
15.04.2026 23:00;0;0
15.04.2026 23:15;0;0
15.04.2026 23:30;0;0
15.04.2026 23:45;0;0
16.04.2026 00:00;0;0
16.04.2026 00:15;0;0
16.04.2026 00:30;0;0
16.04.2026 00:45;0;0
16.04.2026 01:00;0;0
16.04.2026 01:15;0;0
16.04.2026 01:30;0;0
16.04.2026 01:45;0;0
16.04.2026 02:00;0;0
16.04.2026 02:15;0;0
16.04.2026 02:30;0;0
16.04.2026 02:45;0;0
16.04.2026 03:00;0;0
16.04.2026 03:15;0;0
16.04.2026 03:30;0;0
16.04.2026 03:45;0;0
16.04.2026 04:00;0;0
16.04.2026 04:15;0;0
16.04.2026 04:30;0;0
16.04.2026 04:45;0;0
16.04.2026 05:00;0;0
16.04.2026 05:15;0;0
16.04.2026 05:30;0;0
16.04.2026 05:45;0;0
16.04.2026 06:00;0;0
16.04.2026 06:15;0;0
16.04.2026 06:30;0;0
16.04.2026 06:45;0;0
16.04.2026 07:00;0;0
16.04.2026 07:15;0;0
16.04.2026 07:30;0;0
16.04.2026 07:45;0.01;0
16.04.2026 08:00;0.01;0
16.04.2026 08:15;0.01;0
16.04.2026 08:30;0.01;0
16.04.2026 08:45;0.01;0
16.04.2026 09:00;0.01;0
16.04.2026 09:15;0.01;0
16.04.2026 09:30;0.01;0
16.04.2026 09:45;0.01;0
16.04.2026 10:00;0.01;0
16.04.2026 10:15;0.01;0
16.04.2026 10:30;0.01;0
16.04.2026 10:45;0;0
16.04.2026 11:00;0;0
16.04.2026 11:15;0;0
16.04.2026 11:30;0;-0.42
16.04.2026 11:45;0;-0.87
16.04.2026 12:00;0;-0.87
16.04.2026 12:15;0;-0.92
16.04.2026 12:30;0;-1.23
16.04.2026 12:45;0;-1.79
16.04.2026 13:00;0;-1.79
16.04.2026 13:15;0;-1.79
16.04.2026 13:30;0;-1.77
16.04.2026 13:45;0;-1.62
16.04.2026 14:00;0;-1.72
16.04.2026 14:15;0;-1.75
16.04.2026 14:30;0;-1.73
16.04.2026 14:45;0;-1.69
16.04.2026 15:00;0;-1.64
16.04.2026 15:15;0;-1.58
16.04.2026 15:30;0;-1.52
16.04.2026 15:45;0;-1.47
16.04.2026 16:00;0;-1.39
16.04.2026 16:15;0;-1.31
16.04.2026 16:30;0;-1.23
16.04.2026 16:45;0;-1.13
16.04.2026 17:00;0;-1.01
16.04.2026 17:15;0;-0.91
16.04.2026 17:30;0;-0.79
16.04.2026 17:45;0;-0.68
16.04.2026 18:00;0;-0.52
16.04.2026 18:15;0.01;-0.16
16.04.2026 18:30;0.01;0
16.04.2026 18:45;0;0
16.04.2026 19:00;0;0
16.04.2026 19:15;0;0
16.04.2026 19:30;0;0
16.04.2026 19:45;0;0
16.04.2026 20:00;0;0
16.04.2026 20:15;0;0
16.04.2026 20:30;0;0
16.04.2026 20:45;0;0
16.04.2026 21:00;0;0
16.04.2026 21:15;0;0
16.04.2026 21:30;0;0
16.04.2026 21:45;0;0
16.04.2026 22:00;0;0
16.04.2026 22:15;0;0
16.04.2026 22:30;0;0
16.04.2026 22:45;0;0
16.04.2026 23:00;0;0
16.04.2026 23:15;0;0
16.04.2026 23:30;0;0
16.04.2026 23:45;0;0
17.04.2026 00:00;0;0
17.04.2026 00:15;0;0
17.04.2026 00:30;0;0
17.04.2026 00:45;0;0
17.04.2026 01:00;0;0
17.04.2026 01:15;0;0
17.04.2026 01:30;0;0
17.04.2026 01:45;0;0
17.04.2026 02:00;0;0
17.04.2026 02:15;0;0
17.04.2026 02:30;0;0
17.04.2026 02:45;0;0
17.04.2026 03:00;0;0
17.04.2026 03:15;0;0
17.04.2026 03:30;0;0
17.04.2026 03:45;0;0
17.04.2026 04:00;0;0
17.04.2026 04:15;0;0
17.04.2026 04:30;0;0
17.04.2026 04:45;0;0
17.04.2026 05:00;0;0
17.04.2026 05:15;0;0
17.04.2026 05:30;0;0
17.04.2026 05:45;0;0
17.04.2026 06:00;0;0
17.04.2026 06:15;0;0
17.04.2026 06:30;0;0
17.04.2026 06:45;0;0
17.04.2026 07:00;0;0
17.04.2026 07:15;0;0
17.04.2026 07:30;0;0
17.04.2026 07:45;0;0
17.04.2026 08:00;0.01;0
17.04.2026 08:15;0.01;0
17.04.2026 08:30;0.01;0
17.04.2026 08:45;0.01;0
17.04.2026 09:00;0;0
17.04.2026 09:15;0;0
17.04.2026 09:30;0;0
17.04.2026 09:45;0;-0.07
17.04.2026 10:00;0;-0.4
17.04.2026 10:15;0;-0.87
17.04.2026 10:30;0;-0.96
17.04.2026 10:45;0;-1.38
17.04.2026 11:00;0;-1.42
17.04.2026 11:15;0;-1.52
17.04.2026 11:30;0;-1.56
17.04.2026 11:45;0;-1.49
17.04.2026 12:00;0;-1.78
17.04.2026 12:15;0;-1.3
17.04.2026 12:30;0;-1.33
17.04.2026 12:45;0;-1.38
17.04.2026 13:00;0;-1.63
17.04.2026 13:15;0;-0.99
17.04.2026 13:30;0;-1.14
17.04.2026 13:45;0;-1.04
17.04.2026 14:00;0;-1.3
17.04.2026 14:15;0;-1.51
17.04.2026 14:30;0;-1.16
17.04.2026 14:45;0;-1.31
17.04.2026 15:00;0;-1.46
17.04.2026 15:15;0;-1.06
17.04.2026 15:30;0;-1.42
17.04.2026 15:45;0;-1.5
17.04.2026 16:00;0;-1.42
17.04.2026 16:15;0;-1.37
17.04.2026 16:30;0;-1.28
17.04.2026 16:45;0;-1
17.04.2026 17:00;0;-1.12
17.04.2026 17:15;0;-0.81
17.04.2026 17:30;0;-0.77
17.04.2026 17:45;0;-0.7
17.04.2026 18:00;0;-0.42
17.04.2026 18:15;0;-0.34
17.04.2026 18:30;0;-0.32
17.04.2026 18:45;0;-0.19
17.04.2026 19:00;0;-0.06
17.04.2026 19:15;0;0
17.04.2026 19:30;0;0
17.04.2026 19:45;0;0
17.04.2026 20:00;0;0
17.04.2026 20:15;0;0
17.04.2026 20:30;0;0
17.04.2026 20:45;0;0
17.04.2026 21:00;0;0
17.04.2026 21:15;0;0
17.04.2026 21:30;0;0
17.04.2026 21:45;0;0
17.04.2026 22:00;0;0
17.04.2026 22:15;0;0
17.04.2026 22:30;0;0
17.04.2026 22:45;0;0
17.04.2026 23:00;0;0
17.04.2026 23:15;0;0
17.04.2026 23:30;0;0
17.04.2026 23:45;0;0
18.04.2026 00:00;0;0
18.04.2026 00:15;0;0
18.04.2026 00:30;0;0
18.04.2026 00:45;0;0
18.04.2026 01:00;0;0
18.04.2026 01:15;0;0
18.04.2026 01:30;0;0
18.04.2026 01:45;0;0
18.04.2026 02:00;0;0
18.04.2026 02:15;0;0
18.04.2026 02:30;0;0
18.04.2026 02:45;0;0
18.04.2026 03:00;0;0
18.04.2026 03:15;0;0
18.04.2026 03:30;0;0
18.04.2026 03:45;0;0
18.04.2026 04:00;0;0
18.04.2026 04:15;0;0
18.04.2026 04:30;0;0
18.04.2026 04:45;0;0
18.04.2026 05:00;0;0
18.04.2026 05:15;0;0
18.04.2026 05:30;0;0
18.04.2026 05:45;0;0
18.04.2026 06:00;0;0
18.04.2026 06:15;0;0
18.04.2026 06:30;0;0
18.04.2026 06:45;0;0
18.04.2026 07:00;0;0
18.04.2026 07:15;0;0
18.04.2026 07:30;0;0
18.04.2026 07:45;0.01;0
18.04.2026 08:00;0.01;0
18.04.2026 08:15;0.01;0
18.04.2026 08:30;0.01;0
18.04.2026 08:45;0.01;0
18.04.2026 09:00;0;-0.01
18.04.2026 09:15;0;-0.04
18.04.2026 09:30;0;-0.4
18.04.2026 09:45;0;-0.73
18.04.2026 10:00;0;-0.84
18.04.2026 10:15;0;-1.1
18.04.2026 10:30;0;-1.33
18.04.2026 10:45;0;-1.42
18.04.2026 11:00;0;-1.52
18.04.2026 11:15;0;-1.62
18.04.2026 11:30;0;-1.66
18.04.2026 11:45;0;-1.7
18.04.2026 12:00;0;-1.75
18.04.2026 12:15;0;-1.73
18.04.2026 12:30;0;-1.62
18.04.2026 12:45;0;-1.79
18.04.2026 13:00;0;-1.8
18.04.2026 13:15;0;-1.82
18.04.2026 13:30;0;-1.8
18.04.2026 13:45;0;-1.78
18.04.2026 14:00;0;-1.76
18.04.2026 14:15;0;-1.54
18.04.2026 14:30;0;-1.78
18.04.2026 14:45;0;-1.54
18.04.2026 15:00;0;-1.41
18.04.2026 15:15;0;-1.42
18.04.2026 15:30;0;-1.57
18.04.2026 15:45;0;-0.93
18.04.2026 16:00;0;-0.87
18.04.2026 16:15;0;-0.74
18.04.2026 16:30;0;-1.45
18.04.2026 16:45;0;-1.17
18.04.2026 17:00;0;-1.02
18.04.2026 17:15;0;-0.91
18.04.2026 17:30;0;-0.8
18.04.2026 17:45;0;-0.62
18.04.2026 18:00;0;-0.43
18.04.2026 18:15;0;-0.33
18.04.2026 18:30;0;-0.23
18.04.2026 18:45;0;-0.06
18.04.2026 19:00;0.04;0
18.04.2026 19:15;0.01;0
18.04.2026 19:30;0;0
18.04.2026 19:45;0;0
18.04.2026 20:00;0;0
18.04.2026 20:15;0;0
18.04.2026 20:30;0.01;0
18.04.2026 20:45;0.01;0
18.04.2026 21:00;0;0
18.04.2026 21:15;0;0
18.04.2026 21:30;0;0
18.04.2026 21:45;0;0
18.04.2026 22:00;0;0
18.04.2026 22:15;0;0
18.04.2026 22:30;0;0
18.04.2026 22:45;0;0
18.04.2026 23:00;0;0
18.04.2026 23:15;0;0
18.04.2026 23:30;0;0
18.04.2026 23:45;0;0
19.04.2026 00:00;0;0
19.04.2026 00:15;0;0
19.04.2026 00:30;0;0
19.04.2026 00:45;0;0
19.04.2026 01:00;0;0
19.04.2026 01:15;0;0
19.04.2026 01:30;0;0
19.04.2026 01:45;0;0
19.04.2026 02:00;0;0
19.04.2026 02:15;0;0
19.04.2026 02:30;0;0
19.04.2026 02:45;0;0
19.04.2026 03:00;0;0
19.04.2026 03:15;0;0
19.04.2026 03:30;0;0
19.04.2026 03:45;0;0
19.04.2026 04:00;0;0
19.04.2026 04:15;0;0
19.04.2026 04:30;0;0
19.04.2026 04:45;0;0
19.04.2026 05:00;0;0
19.04.2026 05:15;0;0
19.04.2026 05:30;0;0
19.04.2026 05:45;0;0
19.04.2026 06:00;0;0
19.04.2026 06:15;0;0
19.04.2026 06:30;0;0
19.04.2026 06:45;0;0
19.04.2026 07:00;0;0
19.04.2026 07:15;0;0
19.04.2026 07:30;0;0
19.04.2026 07:45;0;0
19.04.2026 08:00;0.01;0
19.04.2026 08:15;0.01;0
19.04.2026 08:30;0.01;0
19.04.2026 08:45;0.01;0
19.04.2026 09:00;0.01;0
19.04.2026 09:15;0.01;0
19.04.2026 09:30;0.01;0
19.04.2026 09:45;0;0
19.04.2026 10:00;0;0
19.04.2026 10:15;0.01;0
19.04.2026 10:30;0;-0.28
19.04.2026 10:45;0;-0.32
19.04.2026 11:00;0;-0.26
19.04.2026 11:15;0;-0.51
19.04.2026 11:30;0;-0.42
19.04.2026 11:45;0;-0.33
19.04.2026 12:00;0;-0.22
19.04.2026 12:15;0;-0.43
19.04.2026 12:30;0;-1.3
19.04.2026 12:45;0;-0.94
19.04.2026 13:00;0;-1.49
19.04.2026 13:15;0;-1.27
19.04.2026 13:30;0;-1.06
19.04.2026 13:45;0;-1.76
19.04.2026 14:00;0;-1.56
19.04.2026 14:15;0;-1.6
19.04.2026 14:30;0;-1.65
19.04.2026 14:45;0;-1.37
19.04.2026 15:00;0;-1.02
19.04.2026 15:15;0;-1.41
19.04.2026 15:30;0;-1.28
19.04.2026 15:45;0;-1.43
19.04.2026 16:00;0;-1.41
19.04.2026 16:15;0;-0.92
19.04.2026 16:30;0;-1.02
19.04.2026 16:45;0;-0.94
19.04.2026 17:00;0;-0.97
19.04.2026 17:15;0;-0.99
19.04.2026 17:30;0;-0.83
19.04.2026 17:45;0;-0.74
19.04.2026 18:00;0;-0.68
19.04.2026 18:15;0;-0.46
19.04.2026 18:30;0;-0.41
19.04.2026 18:45;0;-0.28
19.04.2026 19:00;0;-0.11
19.04.2026 19:15;0;-0.01
19.04.2026 19:30;0;0
19.04.2026 19:45;0;0
19.04.2026 20:00;0;0
19.04.2026 20:15;0;0
19.04.2026 20:30;0;0
19.04.2026 20:45;0;0
19.04.2026 21:00;0;0
19.04.2026 21:15;0;0
19.04.2026 21:30;0;0
19.04.2026 21:45;0;0
19.04.2026 22:00;0;0
19.04.2026 22:15;0;0
19.04.2026 22:30;0;0
19.04.2026 22:45;0;0
19.04.2026 23:00;0;0
19.04.2026 23:15;0;0
19.04.2026 23:30;0;0
19.04.2026 23:45;0;0
20.04.2026 00:00;0;0
20.04.2026 00:15;0;0
20.04.2026 00:30;0;0
20.04.2026 00:45;0;0
20.04.2026 01:00;0;0
20.04.2026 01:15;0;0
20.04.2026 01:30;0;0
20.04.2026 01:45;0;0
20.04.2026 02:00;0;0
20.04.2026 02:15;0;0
20.04.2026 02:30;0;0
20.04.2026 02:45;0;0
20.04.2026 03:00;0;0
20.04.2026 03:15;0;0
20.04.2026 03:30;0;0
20.04.2026 03:45;0;0
20.04.2026 04:00;0;0
20.04.2026 04:15;0;0
20.04.2026 04:30;0;0
20.04.2026 04:45;0;0
20.04.2026 05:00;0;0
20.04.2026 05:15;0;0
20.04.2026 05:30;0;0
20.04.2026 05:45;0;0
20.04.2026 06:00;0;0
20.04.2026 06:15;0;0
20.04.2026 06:30;0;0
20.04.2026 06:45;0;0
20.04.2026 07:00;0;0
20.04.2026 07:15;0;0
20.04.2026 07:30;0;0
20.04.2026 07:45;0;0
20.04.2026 08:00;0.01;0
20.04.2026 08:15;0.01;0
20.04.2026 08:30;0.01;0
20.04.2026 08:45;0.01;0
20.04.2026 09:00;0;0
20.04.2026 09:15;0;-0.08
20.04.2026 09:30;0;-0.36
20.04.2026 09:45;0;-0.7
20.04.2026 10:00;0;-0.64
20.04.2026 10:15;0;-0.76
20.04.2026 10:30;0;-0.7
20.04.2026 10:45;0.01;-0.21
20.04.2026 11:00;0.02;-0.01
20.04.2026 11:15;0;-0.32
20.04.2026 11:30;0;-1.29
20.04.2026 11:45;0;-1.52
20.04.2026 12:00;0;-1.53
20.04.2026 12:15;0;-1.23
20.04.2026 12:30;0;-1.41
20.04.2026 12:45;0;-1.5
20.04.2026 13:00;0;-1.83
20.04.2026 13:15;0;-1.79
20.04.2026 13:30;0;-1.76
20.04.2026 13:45;0;-1.54
20.04.2026 14:00;0;-1.78
20.04.2026 14:15;0;-0.76
20.04.2026 14:30;0;-0.59
20.04.2026 14:45;0;-0.63
20.04.2026 15:00;0;-0.59
20.04.2026 15:15;0;-0.73
20.04.2026 15:30;0;-0.63
20.04.2026 15:45;0;-0.57
20.04.2026 16:00;0;-0.8
20.04.2026 16:15;0;-0.78
20.04.2026 16:30;0;-0.9
20.04.2026 16:45;0;-0.88
20.04.2026 17:00;0;-0.84
20.04.2026 17:15;0;-0.68
20.04.2026 17:30;0;-0.55
20.04.2026 17:45;0;-0.56
20.04.2026 18:00;0;-0.46
20.04.2026 18:15;0.01;-0.12
20.04.2026 18:30;0;-0.2
20.04.2026 18:45;0;-0.09
20.04.2026 19:00;0;-0.04
20.04.2026 19:15;0.01;0
20.04.2026 19:30;0;0
20.04.2026 19:45;0;0
20.04.2026 20:00;0;0
20.04.2026 20:15;0;0
20.04.2026 20:30;0;0
20.04.2026 20:45;0;0
20.04.2026 21:00;0;0
20.04.2026 21:15;0;0
20.04.2026 21:30;0;0
20.04.2026 21:45;0;0
20.04.2026 22:00;0;0
20.04.2026 22:15;0;0
20.04.2026 22:30;0;0
20.04.2026 22:45;0;0
20.04.2026 23:00;0.01;0
20.04.2026 23:15;0.01;0
20.04.2026 23:30;0;0
20.04.2026 23:45;0;0
21.04.2026 00:00;0.01;0
21.04.2026 00:15;0;0
21.04.2026 00:30;0;0
21.04.2026 00:45;0;0
21.04.2026 01:00;0;0
21.04.2026 01:15;0;0
21.04.2026 01:30;0;0
21.04.2026 01:45;0;0
21.04.2026 02:00;0;0
21.04.2026 02:15;0;0
21.04.2026 02:30;0;0
21.04.2026 02:45;0;0
21.04.2026 03:00;0;0
21.04.2026 03:15;0;0
21.04.2026 03:30;0;0
21.04.2026 03:45;0;0
21.04.2026 04:00;0;0
21.04.2026 04:15;0;0
21.04.2026 04:30;0;0
21.04.2026 04:45;0;0
21.04.2026 05:00;0;0
21.04.2026 05:15;0;0
21.04.2026 05:30;0;0
21.04.2026 05:45;0;0
21.04.2026 06:00;0;0
21.04.2026 06:15;0;0
21.04.2026 06:30;0;0
21.04.2026 06:45;0;0
21.04.2026 07:00;0.01;0
21.04.2026 07:15;0.01;0
21.04.2026 07:30;0.01;0
21.04.2026 07:45;0.01;0
21.04.2026 08:00;0.01;0
21.04.2026 08:15;0.01;0
21.04.2026 08:30;0.01;0
21.04.2026 08:45;0;0
21.04.2026 09:00;0;0
21.04.2026 09:15;0;0
21.04.2026 09:30;0;0
21.04.2026 09:45;0;-0.02
21.04.2026 10:00;0;-0.3
21.04.2026 10:15;0;-0.93
21.04.2026 10:30;0;-1.13
21.04.2026 10:45;0;-1.23
21.04.2026 11:00;0;-1.22
21.04.2026 11:15;0;-1.39
21.04.2026 11:30;0;-1.62
21.04.2026 11:45;0;-1.7
21.04.2026 12:00;0;-1.72
21.04.2026 12:15;0;-1.74
21.04.2026 12:30;0;-1.76
21.04.2026 12:45;0;-1.8
21.04.2026 13:00;0;-1.81
21.04.2026 13:15;0;-1.79
21.04.2026 13:30;0;-1.71
21.04.2026 13:45;0;-1.57
21.04.2026 14:00;0;-1.64
21.04.2026 14:15;0;-1.8
21.04.2026 14:30;0;-1.71
21.04.2026 14:45;0;-1.68
21.04.2026 15:00;0;-1.64
21.04.2026 15:15;0;-1.58
21.04.2026 15:30;0;-1.54
21.04.2026 15:45;0;-1.47
21.04.2026 16:00;0;-1.35
21.04.2026 16:15;0;-1.3
21.04.2026 16:30;0;-1.13
21.04.2026 16:45;0;-1.08
21.04.2026 17:00;0;-1.02
21.04.2026 17:15;0;-0.52
21.04.2026 17:30;0;-0.72
21.04.2026 17:45;0;-0.6
21.04.2026 18:00;0;-0.48
21.04.2026 18:15;0;-0.46
21.04.2026 18:30;0.01;0
21.04.2026 18:45;0;0
21.04.2026 19:00;0;0
21.04.2026 19:15;0;0
21.04.2026 19:30;0;0
21.04.2026 19:45;0;0
21.04.2026 20:00;0;0
21.04.2026 20:15;0;0
21.04.2026 20:30;0.01;0
21.04.2026 20:45;0;0
21.04.2026 21:00;0;0
21.04.2026 21:15;0;0
21.04.2026 21:30;0;0
21.04.2026 21:45;0;0
21.04.2026 22:00;0;0
21.04.2026 22:15;0;0
21.04.2026 22:30;0;0
21.04.2026 22:45;0;0
21.04.2026 23:00;0;0
21.04.2026 23:15;0;0
21.04.2026 23:30;0;0
21.04.2026 23:45;0;0
22.04.2026 00:00;0;0
22.04.2026 00:15;0;0
22.04.2026 00:30;0;0
22.04.2026 00:45;0;0
22.04.2026 01:00;0;0
22.04.2026 01:15;0;0
22.04.2026 01:30;0;0
22.04.2026 01:45;0;0
22.04.2026 02:00;0;0
22.04.2026 02:15;0;0
22.04.2026 02:30;0;0
22.04.2026 02:45;0;0
22.04.2026 03:00;0;0
22.04.2026 03:15;0;0
22.04.2026 03:30;0;0
22.04.2026 03:45;0;0
22.04.2026 04:00;0;0
22.04.2026 04:15;0;0
22.04.2026 04:30;0;0
22.04.2026 04:45;0;0
22.04.2026 05:00;0;0
22.04.2026 05:15;0;0
22.04.2026 05:30;0;0
22.04.2026 05:45;0;0
22.04.2026 06:00;0.01;0
22.04.2026 06:15;0.01;0
22.04.2026 06:30;0.01;0
22.04.2026 06:45;0.01;0
22.04.2026 07:00;0.01;0
22.04.2026 07:15;0.01;0
22.04.2026 07:30;0.01;0
22.04.2026 07:45;0.01;0
22.04.2026 08:00;0.01;0
22.04.2026 08:15;0.01;0
22.04.2026 08:30;0.01;0
22.04.2026 08:45;0.01;0
22.04.2026 09:00;0;0
22.04.2026 09:15;0.01;0
22.04.2026 09:30;0.01;-0.01
22.04.2026 09:45;0;-0.03
22.04.2026 10:00;0;-0.12
22.04.2026 10:15;0;-0.37
22.04.2026 10:30;0;-0.52
22.04.2026 10:45;0;-0.8
22.04.2026 11:00;0;-1.52
22.04.2026 11:15;0;-1.6
22.04.2026 11:30;0;-1.46
22.04.2026 11:45;0;-1.37
22.04.2026 12:00;0;-1.76
22.04.2026 12:15;0;-1.68
22.04.2026 12:30;0;-1.83
22.04.2026 12:45;0;-1.83
22.04.2026 13:00;0;-1.75
22.04.2026 13:15;0;-1.62
22.04.2026 13:30;0;-1.57
22.04.2026 13:45;0;-1.56
22.04.2026 14:00;0;-1.81
22.04.2026 14:15;0;-1.78
22.04.2026 14:30;0;-1.63
22.04.2026 14:45;0;-1.7
22.04.2026 15:00;0;-1.66
22.04.2026 15:15;0;-1.62
22.04.2026 15:30;0;-1.58
22.04.2026 15:45;0;-1.48
22.04.2026 16:00;0;-1.4
22.04.2026 16:15;0;-1.24
22.04.2026 16:30;0;-1.25
22.04.2026 16:45;0;-1.15
22.04.2026 17:00;0;-1.06
22.04.2026 17:15;0;-0.97
22.04.2026 17:30;0;-0.84
22.04.2026 17:45;0;-0.7
22.04.2026 18:00;0;-0.57
22.04.2026 18:15;0;-0.47
22.04.2026 18:30;0;-0.34
22.04.2026 18:45;0;-0.16
22.04.2026 19:00;0;-0.04
22.04.2026 19:15;0.01;0
22.04.2026 19:30;0;0
22.04.2026 19:45;0;0
22.04.2026 20:00;0;0
22.04.2026 20:15;0;0
22.04.2026 20:30;0;0
22.04.2026 20:45;0;0
22.04.2026 21:00;0;0
22.04.2026 21:15;0;0
22.04.2026 21:30;0;0
22.04.2026 21:45;0;0
22.04.2026 22:00;0;0
22.04.2026 22:15;0;0
22.04.2026 22:30;0;0
22.04.2026 22:45;0;0
22.04.2026 23:00;0;0
22.04.2026 23:15;0;0
22.04.2026 23:30;0;0
22.04.2026 23:45;0;0
23.04.2026 00:00;0;0
23.04.2026 00:15;0;0
23.04.2026 00:30;0;0
23.04.2026 00:45;0;0
23.04.2026 01:00;0;0
23.04.2026 01:15;0;0
23.04.2026 01:30;0;0
23.04.2026 01:45;0;0
23.04.2026 02:00;0;0
23.04.2026 02:15;0;0
23.04.2026 02:30;0;0
23.04.2026 02:45;0;0
23.04.2026 03:00;0;0
23.04.2026 03:15;0;0
23.04.2026 03:30;0;0
23.04.2026 03:45;0;0
23.04.2026 04:00;0;0
23.04.2026 04:15;0;0
23.04.2026 04:30;0;0
23.04.2026 04:45;0;0
23.04.2026 05:00;0;0
23.04.2026 05:15;0;0
23.04.2026 05:30;0;0
23.04.2026 05:45;0;0
23.04.2026 06:00;0;0
23.04.2026 06:15;0;0
23.04.2026 06:30;0;0
23.04.2026 06:45;0;0
23.04.2026 07:00;0;0
23.04.2026 07:15;0;0
23.04.2026 07:30;0;0
23.04.2026 07:45;0;0
23.04.2026 08:00;0.01;0
23.04.2026 08:15;0.01;0
23.04.2026 08:30;0.01;0
23.04.2026 08:45;0;0
23.04.2026 09:00;0;-0.01
23.04.2026 09:15;0;-0.27
23.04.2026 09:30;0;-0.81
23.04.2026 09:45;0;-0.86
23.04.2026 10:00;0;-0.95
23.04.2026 10:15;0;-1.02
23.04.2026 10:30;0;-1.26
23.04.2026 10:45;0;-1.46
23.04.2026 11:00;0;-1.55
23.04.2026 11:15;0;-1.62
23.04.2026 11:30;0;-1.65
23.04.2026 11:45;0;-1.65
23.04.2026 12:00;0;-1.68
23.04.2026 12:15;0;-1.8
23.04.2026 12:30;0;-1.46
23.04.2026 12:45;0;-1.83
23.04.2026 13:00;0;-1.82
23.04.2026 13:15;0;-1.59
23.04.2026 13:30;0;-1.34
23.04.2026 13:45;0;-1.3
23.04.2026 14:00;0;-1.56
23.04.2026 14:15;0;-1.68
23.04.2026 14:30;0;-1.62
23.04.2026 14:45;0;-1.55
23.04.2026 15:00;0;-1.54
23.04.2026 15:15;0;-1.61
23.04.2026 15:30;0;-1.56
23.04.2026 15:45;0;-1.47
23.04.2026 16:00;0;-1.4
23.04.2026 16:15;0;-1.33
23.04.2026 16:30;0;-1.23
23.04.2026 16:45;0;-1.14
23.04.2026 17:00;0;-1.06
23.04.2026 17:15;0;-0.95
23.04.2026 17:30;0;-0.82
23.04.2026 17:45;0;-0.69
23.04.2026 18:00;0;-0.48
23.04.2026 18:15;0;-0.35
23.04.2026 18:30;0;-0.18
23.04.2026 18:45;0.01;0
23.04.2026 19:00;0.01;0
23.04.2026 19:15;0.01;0
23.04.2026 19:30;0;0
23.04.2026 19:45;0;0
23.04.2026 20:00;0;0
23.04.2026 20:15;0;0
23.04.2026 20:30;0;0
23.04.2026 20:45;0;0
23.04.2026 21:00;0;0
23.04.2026 21:15;0;0
23.04.2026 21:30;0;0
23.04.2026 21:45;0;0
23.04.2026 22:00;0;0
23.04.2026 22:15;0;0
23.04.2026 22:30;0;0
23.04.2026 22:45;0;0
23.04.2026 23:00;0;0
23.04.2026 23:15;0;0
23.04.2026 23:30;0;0
23.04.2026 23:45;0;0
24.04.2026 00:00;0;0
24.04.2026 00:15;0;0
24.04.2026 00:30;0;0
24.04.2026 00:45;0;0
24.04.2026 01:00;0;0
24.04.2026 01:15;0;0
24.04.2026 01:30;0;0
24.04.2026 01:45;0;0
24.04.2026 02:00;0;0
24.04.2026 02:15;0;0
24.04.2026 02:30;0;0
24.04.2026 02:45;0;0
24.04.2026 03:00;0;0
24.04.2026 03:15;0;0
24.04.2026 03:30;0;0
24.04.2026 03:45;0;0
24.04.2026 04:00;0;0
24.04.2026 04:15;0;0
24.04.2026 04:30;0;0
24.04.2026 04:45;0;0
24.04.2026 05:00;0;0
24.04.2026 05:15;0;0
24.04.2026 05:30;0;0
24.04.2026 05:45;0;0
24.04.2026 06:00;0;0
24.04.2026 06:15;0;0
24.04.2026 06:30;0;0
24.04.2026 06:45;0;0
24.04.2026 07:00;0;0
24.04.2026 07:15;0;0
24.04.2026 07:30;0;0
24.04.2026 07:45;0;0
24.04.2026 08:00;0.01;0
24.04.2026 08:15;0;0
24.04.2026 08:30;0;0
24.04.2026 08:45;0;0
24.04.2026 09:00;0;0
24.04.2026 09:15;0;0
24.04.2026 09:30;0;-0.09
24.04.2026 09:45;0;-0.92
24.04.2026 10:00;0;-1.11
24.04.2026 10:15;0;-1.33
24.04.2026 10:30;0;-1.4
24.04.2026 10:45;0;-1.45
24.04.2026 11:00;0;-1.37
24.04.2026 11:15;0;-1.53
24.04.2026 11:30;0;-1.72
24.04.2026 11:45;0;-1.74
24.04.2026 12:00;0;-1.74
24.04.2026 12:15;0;-1.76
24.04.2026 12:30;0;-1.53
24.04.2026 12:45;0;-1.71
24.04.2026 13:00;0;-1.83
24.04.2026 13:15;0;-1.49
24.04.2026 13:30;0;-1.81
24.04.2026 13:45;0;-1.81
24.04.2026 14:00;0;-1.45
24.04.2026 14:15;0;-1.72
24.04.2026 14:30;0;-1.62
24.04.2026 14:45;0;-1.67
24.04.2026 15:00;0;-1.46
24.04.2026 15:15;0;-1.6
24.04.2026 15:30;0;-1.4
24.04.2026 15:45;0;-1.28
24.04.2026 16:00;0;-1.38
24.04.2026 16:15;0;-1.32
24.04.2026 16:30;0;-1.24
24.04.2026 16:45;0;-1.12
24.04.2026 17:00;0;-1.02
24.04.2026 17:15;0;-0.92
24.04.2026 17:30;0;-0.82
24.04.2026 17:45;0;-0.63
24.04.2026 18:00;0;-0.48
24.04.2026 18:15;0;-0.37
24.04.2026 18:30;0;-0.26
24.04.2026 18:45;0;-0.13
24.04.2026 19:00;0;-0.02
24.04.2026 19:15;0.01;0
24.04.2026 19:30;0.01;0
24.04.2026 19:45;0;0
24.04.2026 20:00;0;0
24.04.2026 20:15;0;0
24.04.2026 20:30;0;0
24.04.2026 20:45;0;0
24.04.2026 21:00;0.01;0
24.04.2026 21:15;0;0
24.04.2026 21:30;0;0
24.04.2026 21:45;0;0
24.04.2026 22:00;0;0
24.04.2026 22:15;0;0
24.04.2026 22:30;0;0
24.04.2026 22:45;0;0
24.04.2026 23:00;0;0
24.04.2026 23:15;0;0
24.04.2026 23:30;0;0
24.04.2026 23:45;0;0
25.04.2026 00:00;0;0
25.04.2026 00:15;0;0
25.04.2026 00:30;0;0
25.04.2026 00:45;0;0
25.04.2026 01:00;0;0
25.04.2026 01:15;0;0
25.04.2026 01:30;0;0
25.04.2026 01:45;0;0
25.04.2026 02:00;0;0
25.04.2026 02:15;0;0
25.04.2026 02:30;0;0
25.04.2026 02:45;0;0
25.04.2026 03:00;0;0
25.04.2026 03:15;0;0
25.04.2026 03:30;0;0
25.04.2026 03:45;0;0
25.04.2026 04:00;0;0
25.04.2026 04:15;0;0
25.04.2026 04:30;0;0
25.04.2026 04:45;0;0
25.04.2026 05:00;0;0
25.04.2026 05:15;0;0
25.04.2026 05:30;0;0
25.04.2026 05:45;0;0
25.04.2026 06:00;0;0
25.04.2026 06:15;0;0
25.04.2026 06:30;0;0
25.04.2026 06:45;0;0
25.04.2026 07:00;0;0
25.04.2026 07:15;0;0
25.04.2026 07:30;0;0
25.04.2026 07:45;0;0
25.04.2026 08:00;0.01;0
25.04.2026 08:15;0.01;0
25.04.2026 08:30;0;0
25.04.2026 08:45;0;0
25.04.2026 09:00;0;-0.01
25.04.2026 09:15;0;-0.13
25.04.2026 09:30;0;-0.71
25.04.2026 09:45;0;-0.86
25.04.2026 10:00;0;-0.92
25.04.2026 10:15;0;-0.89
25.04.2026 10:30;0;-1.34
25.04.2026 10:45;0;-1.45
25.04.2026 11:00;0;-1.49
25.04.2026 11:15;0;-1.56
25.04.2026 11:30;0;-1.65
25.04.2026 11:45;0;-1.71
25.04.2026 12:00;0;-1.72
25.04.2026 12:15;0;-1.73
25.04.2026 12:30;0;-1.37
25.04.2026 12:45;0;-1.43
25.04.2026 13:00;0;-1.51
25.04.2026 13:15;0;-1.74
25.04.2026 13:30;0;-1.79
25.04.2026 13:45;0;-1.59
25.04.2026 14:00;0;-1.47
25.04.2026 14:15;0;-1.35
25.04.2026 14:30;0;-1.64
25.04.2026 14:45;0;-1.66
25.04.2026 15:00;0;-1.64
25.04.2026 15:15;0;-1.58
25.04.2026 15:30;0;-1.48
25.04.2026 15:45;0;-1.4
25.04.2026 16:00;0;-1.24
25.04.2026 16:15;0;-1.19
25.04.2026 16:30;0;-1.1
25.04.2026 16:45;0;-1
25.04.2026 17:00;0;-0.92
25.04.2026 17:15;0;-0.81
25.04.2026 17:30;0;-0.73
25.04.2026 17:45;0;-0.62
25.04.2026 18:00;0;-0.58
25.04.2026 18:15;0;-0.36
25.04.2026 18:30;0;-0.22
25.04.2026 18:45;0;-0.16
25.04.2026 19:00;0;-0.09
25.04.2026 19:15;0;-0.03
25.04.2026 19:30;0;0
25.04.2026 19:45;0;0
25.04.2026 20:00;0;0
25.04.2026 20:15;0;0
25.04.2026 20:30;0;0
25.04.2026 20:45;0;0
25.04.2026 21:00;0;0
25.04.2026 21:15;0;0
25.04.2026 21:30;0;0
25.04.2026 21:45;0;0
25.04.2026 22:00;0;0
25.04.2026 22:15;0;0
25.04.2026 22:30;0;0
25.04.2026 22:45;0;0
25.04.2026 23:00;0;0
25.04.2026 23:15;0;0
25.04.2026 23:30;0;0
25.04.2026 23:45;0;0
26.04.2026 00:00;0;0
26.04.2026 00:15;0;0
26.04.2026 00:30;0;0
26.04.2026 00:45;0;0
26.04.2026 01:00;0;0
26.04.2026 01:15;0;0
26.04.2026 01:30;0;0
26.04.2026 01:45;0;0
26.04.2026 02:00;0;0
26.04.2026 02:15;0;0
26.04.2026 02:30;0;0
26.04.2026 02:45;0;0
26.04.2026 03:00;0;0
26.04.2026 03:15;0;0
26.04.2026 03:30;0;0
26.04.2026 03:45;0;0
26.04.2026 04:00;0;0
26.04.2026 04:15;0;0
26.04.2026 04:30;0;0
26.04.2026 04:45;0;0
26.04.2026 05:00;0;0
26.04.2026 05:15;0;0
26.04.2026 05:30;0;0
26.04.2026 05:45;0;0
26.04.2026 06:00;0;0
26.04.2026 06:15;0;0
26.04.2026 06:30;0;0
26.04.2026 06:45;0;0
26.04.2026 07:00;0;0
26.04.2026 07:15;0;0
26.04.2026 07:30;0;0
26.04.2026 07:45;0;0
26.04.2026 08:00;0.01;0
26.04.2026 08:15;0.01;0
26.04.2026 08:30;0.01;0
26.04.2026 08:45;0;0
26.04.2026 09:00;0;0
26.04.2026 09:15;0;0
26.04.2026 09:30;0;-0.29
26.04.2026 09:45;0;-0.55
26.04.2026 10:00;0;-0.36
26.04.2026 10:15;0;-1.03
26.04.2026 10:30;0;-1.17
26.04.2026 10:45;0;-1.21
26.04.2026 11:00;0;-1.17
26.04.2026 11:15;0;-0.67
26.04.2026 11:30;0;-0.75
26.04.2026 11:45;0;-1.22
26.04.2026 12:00;0;-1.6
26.04.2026 12:15;0;-1.51
26.04.2026 12:30;0;-1.72
26.04.2026 12:45;0;-1.62
26.04.2026 13:00;0;-1.76
26.04.2026 13:15;0;-1.32
26.04.2026 13:30;0;-0.87
26.04.2026 13:45;0;-1.57
26.04.2026 14:00;0;-1.57
26.04.2026 14:15;0;-1.71
26.04.2026 14:30;0;-1.73
26.04.2026 14:45;0;-1.68
26.04.2026 15:00;0;-1.61
26.04.2026 15:15;0;-1.54
26.04.2026 15:30;0;-1.52
26.04.2026 15:45;0;-1.44
26.04.2026 16:00;0;-1.36
26.04.2026 16:15;0;-1.27
26.04.2026 16:30;0;-1.15
26.04.2026 16:45;0;-1.1
26.04.2026 17:00;0;-1.01
26.04.2026 17:15;0;-0.91
26.04.2026 17:30;0;-0.79
26.04.2026 17:45;0;-0.69
26.04.2026 18:00;0;-0.55
26.04.2026 18:15;0;-0.41
26.04.2026 18:30;0;-0.32
26.04.2026 18:45;0;-0.2
26.04.2026 19:00;0;-0.06
26.04.2026 19:15;0;0
26.04.2026 19:30;0;0
26.04.2026 19:45;0;0
26.04.2026 20:00;0;0
26.04.2026 20:15;0;0
26.04.2026 20:30;0;0
26.04.2026 20:45;0;0
26.04.2026 21:00;0;0
26.04.2026 21:15;0;0
26.04.2026 21:30;0;0
26.04.2026 21:45;0;0
26.04.2026 22:00;0;0
26.04.2026 22:15;0;0
26.04.2026 22:30;0;0
26.04.2026 22:45;0;0
26.04.2026 23:00;0;0
26.04.2026 23:15;0;0
26.04.2026 23:30;0;0
26.04.2026 23:45;0;0
27.04.2026 00:00;0;0
27.04.2026 00:15;0;0
27.04.2026 00:30;0;0
27.04.2026 00:45;0;0
27.04.2026 01:00;0;0
27.04.2026 01:15;0;0
27.04.2026 01:30;0;0
27.04.2026 01:45;0;0
27.04.2026 02:00;0;0
27.04.2026 02:15;0;0
27.04.2026 02:30;0;0
27.04.2026 02:45;0;0
27.04.2026 03:00;0;0
27.04.2026 03:15;0;0
27.04.2026 03:30;0;0
27.04.2026 03:45;0;0
27.04.2026 04:00;0;0
27.04.2026 04:15;0;0
27.04.2026 04:30;0;0
27.04.2026 04:45;0;0
27.04.2026 05:00;0;0
27.04.2026 05:15;0;0
27.04.2026 05:30;0;0
27.04.2026 05:45;0;0
27.04.2026 06:00;0;0
27.04.2026 06:15;0;0
27.04.2026 06:30;0;0
27.04.2026 06:45;0;0
27.04.2026 07:00;0;0
27.04.2026 07:15;0;0
27.04.2026 07:30;0;0
27.04.2026 07:45;0;0
27.04.2026 08:00;0;0
27.04.2026 08:15;0;0
27.04.2026 08:30;0;0
27.04.2026 08:45;0;-0.01
27.04.2026 09:00;0;-0.34
27.04.2026 09:15;0;-0.24
27.04.2026 09:30;0;-0.64
27.04.2026 09:45;0;-0.87
27.04.2026 10:00;0;-1.29
27.04.2026 10:15;0;-1.35
27.04.2026 10:30;0;-1.39
27.04.2026 10:45;0.01;-0.28
27.04.2026 11:00;0.01;-0.07
27.04.2026 11:15;0;-0.33
27.04.2026 11:30;0;-1.28
27.04.2026 11:45;0;-1.51
27.04.2026 12:00;0;-1.7
27.04.2026 12:15;0;-1.69
27.04.2026 12:30;0;-1.54
27.04.2026 12:45;0;-1.68
27.04.2026 13:00;0;-1.68
27.04.2026 13:15;0;-1.78
27.04.2026 13:30;0;-1.77
27.04.2026 13:45;0;-1.74
27.04.2026 14:00;0;-1.46
27.04.2026 14:15;0;-1.61
27.04.2026 14:30;0;-1.66
27.04.2026 14:45;0;-1.62
27.04.2026 15:00;0;-1.57
27.04.2026 15:15;0;-1.5
27.04.2026 15:30;0;-1.19
27.04.2026 15:45;0;-1.3
27.04.2026 16:00;0;-1.32
27.04.2026 16:15;0;-1.23
27.04.2026 16:30;0;-1.14
27.04.2026 16:45;0;-1.08
27.04.2026 17:00;0;-0.88
27.04.2026 17:15;0;-0.75
27.04.2026 17:30;0;-0.7
27.04.2026 17:45;0;-0.6
27.04.2026 18:00;0;-0.45
27.04.2026 18:15;0;-0.3
27.04.2026 18:30;0.01;0
27.04.2026 18:45;0;0
27.04.2026 19:00;0;0
27.04.2026 19:15;0;0
27.04.2026 19:30;0;0
27.04.2026 19:45;0.01;0
27.04.2026 20:00;0;0
27.04.2026 20:15;0.01;0
27.04.2026 20:30;0;0
27.04.2026 20:45;0;0
27.04.2026 21:00;0;0
27.04.2026 21:15;0;0
27.04.2026 21:30;0;0
27.04.2026 21:45;0;0
27.04.2026 22:00;0;0
27.04.2026 22:15;0;0
27.04.2026 22:30;0;0
27.04.2026 22:45;0;0
27.04.2026 23:00;0;0
27.04.2026 23:15;0;0
27.04.2026 23:30;0;0
27.04.2026 23:45;0;0
28.04.2026 00:00;0;0
28.04.2026 00:15;0;0
28.04.2026 00:30;0;0
28.04.2026 00:45;0;0
28.04.2026 01:00;0;0
28.04.2026 01:15;0;0
28.04.2026 01:30;0;0
28.04.2026 01:45;0;0
28.04.2026 02:00;0;0
28.04.2026 02:15;0;0
28.04.2026 02:30;0;0
28.04.2026 02:45;0;0
28.04.2026 03:00;0;0
28.04.2026 03:15;0;0
28.04.2026 03:30;0;0
28.04.2026 03:45;0;0
28.04.2026 04:00;0;0
28.04.2026 04:15;0;0
28.04.2026 04:30;0;0
28.04.2026 04:45;0;0
28.04.2026 05:00;0;0
28.04.2026 05:15;0;0
28.04.2026 05:30;0;0
28.04.2026 05:45;0;0
28.04.2026 06:00;0;0
28.04.2026 06:15;0;0
28.04.2026 06:30;0;0
28.04.2026 06:45;0;0
28.04.2026 07:00;0;0
28.04.2026 07:15;0;0
28.04.2026 07:30;0;0
28.04.2026 07:45;0;0
28.04.2026 08:00;0;0
28.04.2026 08:15;0;0
28.04.2026 08:30;0;0
28.04.2026 08:45;0;0
28.04.2026 09:00;0;0
28.04.2026 09:15;0;-0.04
28.04.2026 09:30;0.01;0
28.04.2026 09:45;0.01;0
28.04.2026 10:00;0.01;0
28.04.2026 10:15;0.01;0
28.04.2026 10:30;0;-0.02
28.04.2026 10:45;0;-0.08
28.04.2026 11:00;0.01;0
28.04.2026 11:15;0;-0.13
28.04.2026 11:30;0;-0.13
28.04.2026 11:45;0;-0.17
28.04.2026 12:00;0;-0.44
28.04.2026 12:15;0;-0.22
28.04.2026 12:30;0;-0.3
28.04.2026 12:45;0;-0.48
28.04.2026 13:00;0;-0.35
28.04.2026 13:15;0;-0.23
28.04.2026 13:30;0;-0.89
28.04.2026 13:45;0;-0.76
28.04.2026 14:00;0;-1.02
28.04.2026 14:15;0;-1.02
28.04.2026 14:30;0;-1.15
28.04.2026 14:45;0;-1.14
28.04.2026 15:00;0;-0.8
28.04.2026 15:15;0;-0.59
28.04.2026 15:30;0.01;-0.29
28.04.2026 15:45;0;-0.13
28.04.2026 16:00;0.01;-0.07
28.04.2026 16:15;0.01;0
28.04.2026 16:30;0.01;-0.03
28.04.2026 16:45;0.01;-0.01
28.04.2026 17:00;0.01;-0.02
28.04.2026 17:15;0;-0.46
28.04.2026 17:30;0;-0.42
28.04.2026 17:45;0;-0.2
28.04.2026 18:00;0;-0.14
28.04.2026 18:15;0.01;0
28.04.2026 18:30;0.01;0
28.04.2026 18:45;0.01;0
28.04.2026 19:00;0;0
28.04.2026 19:15;0.01;0
28.04.2026 19:30;0;0
28.04.2026 19:45;0;0
28.04.2026 20:00;0.01;0
28.04.2026 20:15;0;0
28.04.2026 20:30;0;0
28.04.2026 20:45;0;0
28.04.2026 21:00;0;0
28.04.2026 21:15;0;0
28.04.2026 21:30;0;0
28.04.2026 21:45;0;0
28.04.2026 22:00;0;0
28.04.2026 22:15;0;0
28.04.2026 22:30;0;0
28.04.2026 22:45;0;0
28.04.2026 23:00;0;0
28.04.2026 23:15;0;0
28.04.2026 23:30;0;0
28.04.2026 23:45;0;0
29.04.2026 00:00;0;0
29.04.2026 00:15;0;0
29.04.2026 00:30;0;0
29.04.2026 00:45;0;0
29.04.2026 01:00;0;0
29.04.2026 01:15;0;0
29.04.2026 01:30;0;0
29.04.2026 01:45;0;0
29.04.2026 02:00;0;0
29.04.2026 02:15;0;0
29.04.2026 02:30;0;0
29.04.2026 02:45;0;0
29.04.2026 03:00;0;0
29.04.2026 03:15;0;0
29.04.2026 03:30;0;0
29.04.2026 03:45;0;0
29.04.2026 04:00;0;0
29.04.2026 04:15;0;0
29.04.2026 04:30;0;0
29.04.2026 04:45;0;0
29.04.2026 05:00;0;0
29.04.2026 05:15;0;0
29.04.2026 05:30;0;0
29.04.2026 05:45;0;0
29.04.2026 06:00;0;0
29.04.2026 06:15;0;0
29.04.2026 06:30;0;0
29.04.2026 06:45;0;0
29.04.2026 07:00;0;0
29.04.2026 07:15;0;0
29.04.2026 07:30;0;0
29.04.2026 07:45;0;0
29.04.2026 08:00;0.01;0
29.04.2026 08:15;0.01;0
29.04.2026 08:30;0.01;0
29.04.2026 08:45;0.01;0
29.04.2026 09:00;0.01;-0.01
29.04.2026 09:15;0;-0.01
29.04.2026 09:30;0.01;0
29.04.2026 09:45;0;-0.06
29.04.2026 10:00;0;-0.72
29.04.2026 10:15;0;-0.46
29.04.2026 10:30;0;-0.54
29.04.2026 10:45;0;-0.31
29.04.2026 11:00;0;-0.18
29.04.2026 11:15;0;-1.13
29.04.2026 11:30;0;-1.39
29.04.2026 11:45;0;-1.22
29.04.2026 12:00;0;-0.83
29.04.2026 12:15;0;-0.93
29.04.2026 12:30;0;-1.61
29.04.2026 12:45;0;-1.42
29.04.2026 13:00;0;-1.48
29.04.2026 13:15;0;-1.12
29.04.2026 13:30;0;-1.32
29.04.2026 13:45;0;-1.03
29.04.2026 14:00;0;-1.82
29.04.2026 14:15;0;-2.04
29.04.2026 14:30;0;-1.05
29.04.2026 14:45;0;-0.69
29.04.2026 15:00;0;-0.55
29.04.2026 15:15;0;-0.59
29.04.2026 15:30;0;-0.61
29.04.2026 15:45;0;-0.52
29.04.2026 16:00;0;-0.52
29.04.2026 16:15;0;-0.42
29.04.2026 16:30;0;-0.42
29.04.2026 16:45;0;-0.43
29.04.2026 17:00;0;-0.34
29.04.2026 17:15;0;-0.31
29.04.2026 17:30;0;-0.27
29.04.2026 17:45;0;-0.1
29.04.2026 18:00;0;-0.06
29.04.2026 18:15;0;-0.08
29.04.2026 18:30;0;-0.07
29.04.2026 18:45;0;-0.09
29.04.2026 19:00;0.01;0
29.04.2026 19:15;0;0
29.04.2026 19:30;0;0
29.04.2026 19:45;0;0
29.04.2026 20:00;0;0
29.04.2026 20:15;0;0
29.04.2026 20:30;0.01;0
29.04.2026 20:45;0;0
29.04.2026 21:00;0;0
29.04.2026 21:15;0;0
29.04.2026 21:30;0;0
29.04.2026 21:45;0;0
29.04.2026 22:00;0;0
29.04.2026 22:15;0;0
29.04.2026 22:30;0.01;0
29.04.2026 22:45;0;0
29.04.2026 23:00;0.01;0
29.04.2026 23:15;0;0
29.04.2026 23:30;0.01;0
29.04.2026 23:45;0;0
30.04.2026 00:00;0;0
30.04.2026 00:15;;
30.04.2026 00:30;;
30.04.2026 00:45;;
30.04.2026 01:00;;
30.04.2026 01:15;;
30.04.2026 01:30;;
30.04.2026 01:45;;
30.04.2026 02:00;;
30.04.2026 02:15;;
30.04.2026 02:30;;
30.04.2026 02:45;;
30.04.2026 03:00;;
30.04.2026 03:15;;
30.04.2026 03:30;;
30.04.2026 03:45;;
30.04.2026 04:00;;
30.04.2026 04:15;;
30.04.2026 04:30;;
30.04.2026 04:45;;
30.04.2026 05:00;;
30.04.2026 05:15;;
30.04.2026 05:30;;
30.04.2026 05:45;;
30.04.2026 06:00;;
30.04.2026 06:15;;
30.04.2026 06:30;;
30.04.2026 06:45;;
30.04.2026 07:00;;
30.04.2026 07:15;;
30.04.2026 07:30;;
30.04.2026 07:45;;
30.04.2026 08:00;;
30.04.2026 08:15;;
30.04.2026 08:30;;
30.04.2026 08:45;;
30.04.2026 09:00;;
30.04.2026 09:15;;
30.04.2026 09:30;;
30.04.2026 09:45;;
30.04.2026 10:00;;
30.04.2026 10:15;;
30.04.2026 10:30;;
30.04.2026 10:45;;
30.04.2026 11:00;;
30.04.2026 11:15;;
30.04.2026 11:30;;
30.04.2026 11:45;;
30.04.2026 12:00;;
30.04.2026 12:15;;
30.04.2026 12:30;;
30.04.2026 12:45;;
30.04.2026 13:00;;
30.04.2026 13:15;;
30.04.2026 13:30;;
30.04.2026 13:45;;
30.04.2026 14:00;;
30.04.2026 14:15;;
30.04.2026 14:30;;
30.04.2026 14:45;;
30.04.2026 15:00;;
30.04.2026 15:15;;
30.04.2026 15:30;;
30.04.2026 15:45;;
30.04.2026 16:00;;
30.04.2026 16:15;;
30.04.2026 16:30;;
30.04.2026 16:45;;
30.04.2026 17:00;;
30.04.2026 17:15;;
30.04.2026 17:30;;
30.04.2026 17:45;;
30.04.2026 18:00;;
30.04.2026 18:15;;
30.04.2026 18:30;;
30.04.2026 18:45;;
30.04.2026 19:00;;
30.04.2026 19:15;;
30.04.2026 19:30;;
30.04.2026 19:45;;
30.04.2026 20:00;;
30.04.2026 20:15;;
30.04.2026 20:30;;
30.04.2026 20:45;;
30.04.2026 21:00;;
30.04.2026 21:15;;
30.04.2026 21:30;;
30.04.2026 21:45;;
30.04.2026 22:00;;
30.04.2026 22:15;;
30.04.2026 22:30;;
30.04.2026 22:45;;
30.04.2026 23:00;;
30.04.2026 23:15;;
30.04.2026 23:30;;
30.04.2026 23:45;;
01.05.2026 00:00;;
01.05.2026 00:15;0;0
01.05.2026 00:30;0;0
01.05.2026 00:45;0;0
01.05.2026 01:00;0;0
01.05.2026 01:15;0;0
01.05.2026 01:30;0;0
01.05.2026 01:45;0;0
01.05.2026 02:00;0;0
01.05.2026 02:15;0;0
01.05.2026 02:30;0;0
01.05.2026 02:45;0;0
01.05.2026 03:00;0;0
01.05.2026 03:15;0;0
01.05.2026 03:30;0;0
01.05.2026 03:45;0;0
01.05.2026 04:00;0;0
01.05.2026 04:15;0;0
01.05.2026 04:30;0;0
01.05.2026 04:45;0;0
01.05.2026 05:00;0;0
01.05.2026 05:15;0;0
01.05.2026 05:30;0;0
01.05.2026 05:45;0;0
01.05.2026 06:00;0;0
01.05.2026 06:15;0;0
01.05.2026 06:30;0;0
01.05.2026 06:45;0.01;0
01.05.2026 07:00;0;0
01.05.2026 07:15;0;0
01.05.2026 07:30;0;0
01.05.2026 07:45;0;0
01.05.2026 08:00;0.01;0
01.05.2026 08:15;0.01;0
01.05.2026 08:30;0.01;0
01.05.2026 08:45;0.01;0
01.05.2026 09:00;0;0
01.05.2026 09:15;0;0
01.05.2026 09:30;0;0
01.05.2026 09:45;0;-0.31
01.05.2026 10:00;0;-0.57
01.05.2026 10:15;0;-1.4
01.05.2026 10:30;0;-1.49
01.05.2026 10:45;0;-1.55
01.05.2026 11:00;0;-1.58
01.05.2026 11:15;0;-1.66
01.05.2026 11:30;0;-1.55
01.05.2026 11:45;0;-1.64
01.05.2026 12:00;0;-1.76
01.05.2026 12:15;;
01.05.2026 12:30;;
01.05.2026 12:45;;
01.05.2026 13:00;;
01.05.2026 13:15;;
01.05.2026 13:30;;
01.05.2026 13:45;;
01.05.2026 14:00;;
01.05.2026 14:15;;
01.05.2026 14:30;;
01.05.2026 14:45;;
01.05.2026 15:00;;
01.05.2026 15:15;;
01.05.2026 15:30;;
01.05.2026 15:45;;
01.05.2026 16:00;;
01.05.2026 16:15;;
01.05.2026 16:30;;
01.05.2026 16:45;;
01.05.2026 17:00;;
01.05.2026 17:15;;
01.05.2026 17:30;;
01.05.2026 17:45;;
01.05.2026 18:00;;
01.05.2026 18:15;;
01.05.2026 18:30;;
01.05.2026 18:45;;
01.05.2026 19:00;;
01.05.2026 19:15;;
01.05.2026 19:30;;
01.05.2026 19:45;;
01.05.2026 20:00;;
01.05.2026 20:15;;
01.05.2026 20:30;;
01.05.2026 20:45;;
01.05.2026 21:00;;
01.05.2026 21:15;;
01.05.2026 21:30;;
01.05.2026 21:45;;
01.05.2026 22:00;;
01.05.2026 22:15;;
01.05.2026 22:30;;
01.05.2026 22:45;;
01.05.2026 23:00;;
01.05.2026 23:15;;
01.05.2026 23:30;;
01.05.2026 23:45;;
02.05.2026 00:00;;
02.05.2026 00:15;0;0
02.05.2026 00:30;0;0
02.05.2026 00:45;0;0
02.05.2026 01:00;0;0
02.05.2026 01:15;0;0
02.05.2026 01:30;0;0
02.05.2026 01:45;0;0
02.05.2026 02:00;0;0
02.05.2026 02:15;0;0
02.05.2026 02:30;0;0
02.05.2026 02:45;0;0
02.05.2026 03:00;0;0
02.05.2026 03:15;0;0
02.05.2026 03:30;0;0
02.05.2026 03:45;0;0
02.05.2026 04:00;0;0
02.05.2026 04:15;0;0
02.05.2026 04:30;0;0
02.05.2026 04:45;0;0
02.05.2026 05:00;0;0
02.05.2026 05:15;0;0
02.05.2026 05:30;0;0
02.05.2026 05:45;0;0
02.05.2026 06:00;0;0
02.05.2026 06:15;;
02.05.2026 06:30;;
02.05.2026 06:45;;
02.05.2026 07:00;;
02.05.2026 07:15;;
02.05.2026 07:30;;
02.05.2026 07:45;;
02.05.2026 08:00;;
02.05.2026 08:15;;
02.05.2026 08:30;;
02.05.2026 08:45;;
02.05.2026 09:00;;
02.05.2026 09:15;;
02.05.2026 09:30;;
02.05.2026 09:45;;
02.05.2026 10:00;;
02.05.2026 10:15;;
02.05.2026 10:30;;
02.05.2026 10:45;;
02.05.2026 11:00;;
02.05.2026 11:15;;
02.05.2026 11:30;;
02.05.2026 11:45;;
02.05.2026 12:00;;
02.05.2026 12:15;;
02.05.2026 12:30;;
02.05.2026 12:45;;
02.05.2026 13:00;;
02.05.2026 13:15;;
02.05.2026 13:30;;
02.05.2026 13:45;;
02.05.2026 14:00;;
02.05.2026 14:15;;
02.05.2026 14:30;;
02.05.2026 14:45;;
02.05.2026 15:00;;
02.05.2026 15:15;;
02.05.2026 15:30;;
02.05.2026 15:45;;
02.05.2026 16:00;;
02.05.2026 16:15;;
02.05.2026 16:30;;
02.05.2026 16:45;;
02.05.2026 17:00;;
02.05.2026 17:15;;
02.05.2026 17:30;;
02.05.2026 17:45;;
02.05.2026 18:00;;
02.05.2026 18:15;;
02.05.2026 18:30;;
02.05.2026 18:45;;
02.05.2026 19:00;;
02.05.2026 19:15;;
02.05.2026 19:30;;
02.05.2026 19:45;;
02.05.2026 20:00;;
02.05.2026 20:15;;
02.05.2026 20:30;;
02.05.2026 20:45;;
02.05.2026 21:00;;
02.05.2026 21:15;;
02.05.2026 21:30;;
02.05.2026 21:45;;
02.05.2026 22:00;;
02.05.2026 22:15;;
02.05.2026 22:30;;
02.05.2026 22:45;;
02.05.2026 23:00;;
02.05.2026 23:15;;
02.05.2026 23:30;;
02.05.2026 23:45;;
03.05.2026 00:00;;
03.05.2026 00:15;0;0
03.05.2026 00:30;0;0
03.05.2026 00:45;0;0
03.05.2026 01:00;0;0
03.05.2026 01:15;0;0
03.05.2026 01:30;0;0
03.05.2026 01:45;0;0
03.05.2026 02:00;0;0
03.05.2026 02:15;0;0
03.05.2026 02:30;0;0
03.05.2026 02:45;0;0
03.05.2026 03:00;0;0
03.05.2026 03:15;0;0
03.05.2026 03:30;0;0
03.05.2026 03:45;0;0
03.05.2026 04:00;0;0
03.05.2026 04:15;0;0
03.05.2026 04:30;0;0
03.05.2026 04:45;0;0
03.05.2026 05:00;0;0
03.05.2026 05:15;0;0
03.05.2026 05:30;0;0
03.05.2026 05:45;0;0
03.05.2026 06:00;0;0
03.05.2026 06:15;;
03.05.2026 06:30;;
03.05.2026 06:45;;
03.05.2026 07:00;;
03.05.2026 07:15;;
03.05.2026 07:30;;
03.05.2026 07:45;;
03.05.2026 08:00;;
03.05.2026 08:15;;
03.05.2026 08:30;;
03.05.2026 08:45;;
03.05.2026 09:00;;
03.05.2026 09:15;;
03.05.2026 09:30;;
03.05.2026 09:45;;
03.05.2026 10:00;;
03.05.2026 10:15;;
03.05.2026 10:30;;
03.05.2026 10:45;;
03.05.2026 11:00;;
03.05.2026 11:15;;
03.05.2026 11:30;;
03.05.2026 11:45;;
03.05.2026 12:00;;
03.05.2026 12:15;0;-1.5
03.05.2026 12:30;0;-1.5
03.05.2026 12:45;0;-1.57
03.05.2026 13:00;0;-1.54
03.05.2026 13:15;0;-0.38
03.05.2026 13:30;0;-0.71
03.05.2026 13:45;0;-1.25
03.05.2026 14:00;0;-0.95
03.05.2026 14:15;0;-0.38
03.05.2026 14:30;0;-0.21
03.05.2026 14:45;0;-0.56
03.05.2026 15:00;0.01;-0.06
03.05.2026 15:15;0;-0.36
03.05.2026 15:30;0;-0.6
03.05.2026 15:45;0;-0.58
03.05.2026 16:00;0;-0.34
03.05.2026 16:15;0;-0.16
03.05.2026 16:30;0.01;0
03.05.2026 16:45;0;0
03.05.2026 17:00;0;0
03.05.2026 17:15;0;0
03.05.2026 17:30;0;-0.02
03.05.2026 17:45;0;-0.16
03.05.2026 18:00;0;-0.2
03.05.2026 18:15;;
03.05.2026 18:30;;
03.05.2026 18:45;;
03.05.2026 19:00;;
03.05.2026 19:15;;
03.05.2026 19:30;;
03.05.2026 19:45;;
03.05.2026 20:00;;
03.05.2026 20:15;;
03.05.2026 20:30;;
03.05.2026 20:45;;
03.05.2026 21:00;;
03.05.2026 21:15;;
03.05.2026 21:30;;
03.05.2026 21:45;;
03.05.2026 22:00;;
03.05.2026 22:15;;
03.05.2026 22:30;;
03.05.2026 22:45;;
03.05.2026 23:00;;
03.05.2026 23:15;;
03.05.2026 23:30;;
03.05.2026 23:45;;
04.05.2026 00:00;;
04.05.2026 00:15;;
04.05.2026 00:30;;
04.05.2026 00:45;;
04.05.2026 01:00;;
04.05.2026 01:15;;
04.05.2026 01:30;;
04.05.2026 01:45;;
04.05.2026 02:00;;
04.05.2026 02:15;;
04.05.2026 02:30;;
04.05.2026 02:45;;
04.05.2026 03:00;;
04.05.2026 03:15;;
04.05.2026 03:30;;
04.05.2026 03:45;;
04.05.2026 04:00;;
04.05.2026 04:15;;
04.05.2026 04:30;;
04.05.2026 04:45;;
04.05.2026 05:00;;
04.05.2026 05:15;;
04.05.2026 05:30;;
04.05.2026 05:45;;
04.05.2026 06:00;;
04.05.2026 06:15;0;0
04.05.2026 06:30;0;0
04.05.2026 06:45;0;0
04.05.2026 07:00;0;0
04.05.2026 07:15;0;0
04.05.2026 07:30;0;0
04.05.2026 07:45;0;0
04.05.2026 08:00;0.01;0
04.05.2026 08:15;0.01;0
04.05.2026 08:30;0.01;0
04.05.2026 08:45;0.01;0
04.05.2026 09:00;0.01;0
04.05.2026 09:15;0.01;0
04.05.2026 09:30;0.01;0
04.05.2026 09:45;0.01;0
04.05.2026 10:00;0;-0.09
04.05.2026 10:15;0;-0.17
04.05.2026 10:30;0;-0.46
04.05.2026 10:45;0.15;0
04.05.2026 11:00;0.16;0
04.05.2026 11:15;0;-0.33
04.05.2026 11:30;0;-0.67
04.05.2026 11:45;0;-0.57
04.05.2026 12:00;0;-0.06
04.05.2026 12:15;0;-0.08
04.05.2026 12:30;0.01;-0.01
04.05.2026 12:45;0;-0.34
04.05.2026 13:00;0;-0.52
04.05.2026 13:15;0;-0.46
04.05.2026 13:30;0;-0.34
04.05.2026 13:45;0;-0.35
04.05.2026 14:00;0.01;-0.01
04.05.2026 14:15;0.01;0
04.05.2026 14:30;0;0
04.05.2026 14:45;0;0
04.05.2026 15:00;0;-0.11
04.05.2026 15:15;0;-0.27
04.05.2026 15:30;0;-0.38
04.05.2026 15:45;0;-0.32
04.05.2026 16:00;0;-0.13
04.05.2026 16:15;0;-0.25
04.05.2026 16:30;0;-0.14
04.05.2026 16:45;0;-0.06
04.05.2026 17:00;0;0
04.05.2026 17:15;0;-0.12
04.05.2026 17:30;0;-0.32
04.05.2026 17:45;0;-0.32
04.05.2026 18:00;0;-0.33
04.05.2026 18:15;0;-0.11
04.05.2026 18:30;0;-0.15
04.05.2026 18:45;0.01;0
04.05.2026 19:00;0.01;0
04.05.2026 19:15;0;0
04.05.2026 19:30;0;0
04.05.2026 19:45;0;0
04.05.2026 20:00;0;0
04.05.2026 20:15;0;0
04.05.2026 20:30;0;0
04.05.2026 20:45;0.01;0
04.05.2026 21:00;0;0
04.05.2026 21:15;0.01;0
04.05.2026 21:30;0;0
04.05.2026 21:45;0;0
04.05.2026 22:00;0;0
04.05.2026 22:15;0;0
04.05.2026 22:30;0;0
04.05.2026 22:45;0;0
04.05.2026 23:00;0;0
04.05.2026 23:15;0;0
04.05.2026 23:30;0;0
04.05.2026 23:45;0;0
05.05.2026 00:00;0;0
05.05.2026 00:15;0;0
05.05.2026 00:30;0;0
05.05.2026 00:45;0;0
05.05.2026 01:00;0;0
05.05.2026 01:15;0;0
05.05.2026 01:30;0;0
05.05.2026 01:45;0;0
05.05.2026 02:00;0;0
05.05.2026 02:15;0;0
05.05.2026 02:30;0;0
05.05.2026 02:45;0;0
05.05.2026 03:00;0;0
05.05.2026 03:15;0;0
05.05.2026 03:30;0;0
05.05.2026 03:45;0;0
05.05.2026 04:00;0;0
05.05.2026 04:15;0;0
05.05.2026 04:30;0;0
05.05.2026 04:45;0;0
05.05.2026 05:00;0;0
05.05.2026 05:15;0;0
05.05.2026 05:30;0;0
05.05.2026 05:45;0;0
05.05.2026 06:00;0;0
05.05.2026 06:15;;
05.05.2026 06:30;;
05.05.2026 06:45;;
05.05.2026 07:00;;
05.05.2026 07:15;;
05.05.2026 07:30;;
05.05.2026 07:45;;
05.05.2026 08:00;;
05.05.2026 08:15;;
05.05.2026 08:30;;
05.05.2026 08:45;;
05.05.2026 09:00;;
05.05.2026 09:15;;
05.05.2026 09:30;;
05.05.2026 09:45;;
05.05.2026 10:00;;
05.05.2026 10:15;;
05.05.2026 10:30;;
05.05.2026 10:45;;
05.05.2026 11:00;;
05.05.2026 11:15;;
05.05.2026 11:30;;
05.05.2026 11:45;;
05.05.2026 12:00;;
05.05.2026 12:15;;
05.05.2026 12:30;0;-2
05.05.2026 12:45;0;-0.9
05.05.2026 13:00;0;-0.7
05.05.2026 13:15;0;-0.79
05.05.2026 13:30;0;-0.78
05.05.2026 13:45;0.01;-0.17
05.05.2026 14:00;0.03;0
05.05.2026 14:15;0.01;0
05.05.2026 14:30;0;0
05.05.2026 14:45;0;-0.27
05.05.2026 15:00;0;-0.2
05.05.2026 15:15;0;-0.77
05.05.2026 15:30;0;-0.78
05.05.2026 15:45;0;-0.07
05.05.2026 16:00;0;-0.12
05.05.2026 16:15;0;-0.1
05.05.2026 16:30;0;0
05.05.2026 16:45;0.01;0
05.05.2026 17:00;0;0
05.05.2026 17:15;0;0
05.05.2026 17:30;0;-0.08
05.05.2026 17:45;0;-0.2
05.05.2026 18:00;0;-0.06
05.05.2026 18:15;;
05.05.2026 18:30;;
05.05.2026 18:45;;
05.05.2026 19:00;;
05.05.2026 19:15;;
05.05.2026 19:30;;
05.05.2026 19:45;;
05.05.2026 20:00;;
05.05.2026 20:15;;
05.05.2026 20:30;;
05.05.2026 20:45;;
05.05.2026 21:00;;
05.05.2026 21:15;;
05.05.2026 21:30;;
05.05.2026 21:45;;
05.05.2026 22:00;;
05.05.2026 22:15;;
05.05.2026 22:30;;
05.05.2026 22:45;;
05.05.2026 23:00;;
05.05.2026 23:15;;
05.05.2026 23:30;;
05.05.2026 23:45;;